scenario,phi,num_obs,alpha_run
Nc=Np,0.0,0,0.707946
Nc=Np,0.0,0,0.692666
Nc=Np,0.0,0,0.678563
Nc=Np,0.0,0,0.718296
Nc=Np,0.0,0,0.719511
Nc=Np,0.0,0,0.694862
Nc=Np,0.0,0,0.706704
Nc=Np,0.0,0,0.692097
Nc=Np,0.0,0,0.680945
Nc=Np,0.0,0,0.704419
Nc=Np,0.0,0,0.690735
Nc=Np,0.0,0,0.696569
Nc=Np,0.0,0,0.688695
Nc=Np,0.0,0,0.683048
Nc=Np,0.0,0,0.68137
Nc=Np,0.0,0,0.703956
Nc=Np,0.0,0,0.702264
Nc=Np,0.0,0,0.679365
Nc=Np,0.0,0,0.688688
Nc=Np,0.0,0,0.678352
Nc=Np,0.0,0,0.689275
Nc=Np,0.0,0,0.705921
Nc=Np,0.0,0,0.690495
Nc=Np,0.0,0,0.693109
Nc=Np,0.0,0,0.701344
Nc=Np,0.0,0,0.690422
Nc=Np,0.0,0,0.679218
Nc=Np,0.0,0,0.696229
Nc=Np,0.0,0,0.684982
Nc=Np,0.0,0,0.68071
Nc=Np,0.0,0,0.714301
Nc=Np,0.0,0,0.689976
Nc=Np,0.0,0,0.692036
Nc=Np,0.0,0,0.711342
Nc=Np,0.0,0,0.686423
Nc=Np,0.0,0,0.69432
Nc=Np,0.0,0,0.688061
Nc=Np,0.0,0,0.690443
Nc=Np,0.0,0,0.698023
Nc=Np,0.0,0,0.703015
Nc=Np,0.0,0,0.687634
Nc=Np,0.0,0,0.67905
Nc=Np,0.0,0,0.683001
Nc=Np,0.0,0,0.682294
Nc=Np,0.0,0,0.707285
Nc=Np,0.0,0,0.686073
Nc=Np,0.0,0,0.711815
Nc=Np,0.0,0,0.700667
Nc=Np,0.0,0,0.710782
Nc=Np,0.0,0,0.666797
Nc=Np,0.0,0,0.681725
Nc=Np,0.0,0,0.687271
Nc=Np,0.0,0,0.685882
Nc=Np,0.0,0,0.709649
Nc=Np,0.0,0,0.702838
Nc=Np,0.0,0,0.698749
Nc=Np,0.0,0,0.699373
Nc=Np,0.0,0,0.690616
Nc=Np,0.0,0,0.722162
Nc=Np,0.0,0,0.699574
Nc=Np,0.0,0,0.714483
Nc=Np,0.0,0,0.672881
Nc=Np,0.0,0,0.681654
Nc=Np,0.0,0,0.68968
Nc=Np,0.0,0,0.72288
Nc=Np,0.0,0,0.684349
Nc=Np,0.0,0,0.681398
Nc=Np,0.0,0,0.712698
Nc=Np,0.0,0,0.713323
Nc=Np,0.0,0,0.704565
Nc=Np,0.0,0,0.687053
Nc=Np,0.0,0,0.685373
Nc=Np,0.0,0,0.69716
Nc=Np,0.0,0,0.705239
Nc=Np,0.0,0,0.716987
Nc=Np,0.0,0,0.688187
Nc=Np,0.0,0,0.696238
Nc=Np,0.0,0,0.706453
Nc=Np,0.0,0,0.680546
Nc=Np,0.0,0,0.706531
Nc=Np,0.0,0,0.697924
Nc=Np,0.0,0,0.694645
Nc=Np,0.0,0,0.722178
Nc=Np,0.0,0,0.705322
Nc=Np,0.0,0,0.658459
Nc=Np,0.0,0,0.696388
Nc=Np,0.0,0,0.701941
Nc=Np,0.0,0,0.713541
Nc=Np,0.0,0,0.693708
Nc=Np,0.0,0,0.689912
Nc=Np,0.0,0,0.708891
Nc=Np,0.0,0,0.700585
Nc=Np,0.0,0,0.676487
Nc=Np,0.0,0,0.69697
Nc=Np,0.0,0,0.673543
Nc=Np,0.0,0,0.693514
Nc=Np,0.0,0,0.707162
Nc=Np,0.0,0,0.692544
Nc=Np,0.0,0,0.707188
Nc=Np,0.0,0,0.718744
Nc=Np,0.0999755859375,1638,0.67192
Nc=Np,0.0999755859375,1638,0.656057
Nc=Np,0.0999755859375,1638,0.69345
Nc=Np,0.0999755859375,1638,0.678931
Nc=Np,0.0999755859375,1638,0.655885
Nc=Np,0.0999755859375,1638,0.681254
Nc=Np,0.0999755859375,1638,0.701163
Nc=Np,0.0999755859375,1638,0.679868
Nc=Np,0.0999755859375,1638,0.714757
Nc=Np,0.0999755859375,1638,0.679731
Nc=Np,0.0999755859375,1638,0.67554
Nc=Np,0.0999755859375,1638,0.688987
Nc=Np,0.0999755859375,1638,0.671054
Nc=Np,0.0999755859375,1638,0.673568
Nc=Np,0.0999755859375,1638,0.710284
Nc=Np,0.0999755859375,1638,0.683492
Nc=Np,0.0999755859375,1638,0.678318
Nc=Np,0.0999755859375,1638,0.676423
Nc=Np,0.0999755859375,1638,0.670337
Nc=Np,0.0999755859375,1638,0.720598
Nc=Np,0.0999755859375,1638,0.699944
Nc=Np,0.0999755859375,1638,0.685828
Nc=Np,0.0999755859375,1638,0.706391
Nc=Np,0.0999755859375,1638,0.676316
Nc=Np,0.0999755859375,1638,0.697259
Nc=Np,0.0999755859375,1638,0.685157
Nc=Np,0.0999755859375,1638,0.674544
Nc=Np,0.0999755859375,1638,0.696103
Nc=Np,0.0999755859375,1638,0.678261
Nc=Np,0.0999755859375,1638,0.6713
Nc=Np,0.0999755859375,1638,0.695811
Nc=Np,0.0999755859375,1638,0.688799
Nc=Np,0.0999755859375,1638,0.68302
Nc=Np,0.0999755859375,1638,0.685902
Nc=Np,0.0999755859375,1638,0.703145
Nc=Np,0.0999755859375,1638,0.690912
Nc=Np,0.0999755859375,1638,0.677565
Nc=Np,0.0999755859375,1638,0.69124
Nc=Np,0.0999755859375,1638,0.706566
Nc=Np,0.0999755859375,1638,0.687498
Nc=Np,0.0999755859375,1638,0.703545
Nc=Np,0.0999755859375,1638,0.672844
Nc=Np,0.0999755859375,1638,0.677426
Nc=Np,0.0999755859375,1638,0.694099
Nc=Np,0.0999755859375,1638,0.698706
Nc=Np,0.0999755859375,1638,0.687522
Nc=Np,0.0999755859375,1638,0.719213
Nc=Np,0.0999755859375,1638,0.684512
Nc=Np,0.0999755859375,1638,0.696278
Nc=Np,0.0999755859375,1638,0.68391
Nc=Np,0.0999755859375,1638,0.700874
Nc=Np,0.0999755859375,1638,0.686179
Nc=Np,0.0999755859375,1638,0.687639
Nc=Np,0.0999755859375,1638,0.69044
Nc=Np,0.0999755859375,1638,0.696658
Nc=Np,0.0999755859375,1638,0.7035
Nc=Np,0.0999755859375,1638,0.694858
Nc=Np,0.0999755859375,1638,0.663705
Nc=Np,0.0999755859375,1638,0.675275
Nc=Np,0.0999755859375,1638,0.695121
Nc=Np,0.0999755859375,1638,0.682163
Nc=Np,0.0999755859375,1638,0.688232
Nc=Np,0.0999755859375,1638,0.69621
Nc=Np,0.0999755859375,1638,0.716002
Nc=Np,0.0999755859375,1638,0.696389
Nc=Np,0.0999755859375,1638,0.684939
Nc=Np,0.0999755859375,1638,0.677556
Nc=Np,0.0999755859375,1638,0.694682
Nc=Np,0.0999755859375,1638,0.661771
Nc=Np,0.0999755859375,1638,0.698477
Nc=Np,0.0999755859375,1638,0.701626
Nc=Np,0.0999755859375,1638,0.693112
Nc=Np,0.0999755859375,1638,0.688889
Nc=Np,0.0999755859375,1638,0.676626
Nc=Np,0.0999755859375,1638,0.680339
Nc=Np,0.0999755859375,1638,0.71588
Nc=Np,0.0999755859375,1638,0.687085
Nc=Np,0.0999755859375,1638,0.675361
Nc=Np,0.0999755859375,1638,0.688448
Nc=Np,0.0999755859375,1638,0.708854
Nc=Np,0.0999755859375,1638,0.65895
Nc=Np,0.0999755859375,1638,0.656278
Nc=Np,0.0999755859375,1638,0.689609
Nc=Np,0.0999755859375,1638,0.685096
Nc=Np,0.0999755859375,1638,0.701704
Nc=Np,0.0999755859375,1638,0.704348
Nc=Np,0.0999755859375,1638,0.683832
Nc=Np,0.0999755859375,1638,0.693936
Nc=Np,0.0999755859375,1638,0.6954
Nc=Np,0.0999755859375,1638,0.706448
Nc=Np,0.0999755859375,1638,0.676811
Nc=Np,0.0999755859375,1638,0.667383
Nc=Np,0.0999755859375,1638,0.694253
Nc=Np,0.0999755859375,1638,0.684095
Nc=Np,0.0999755859375,1638,0.678684
Nc=Np,0.0999755859375,1638,0.703263
Nc=Np,0.0999755859375,1638,0.706016
Nc=Np,0.0999755859375,1638,0.702275
Nc=Np,0.0999755859375,1638,0.679019
Nc=Np,0.0999755859375,1638,0.707472
Nc=Np,0.199951171875,3276,0.694744
Nc=Np,0.199951171875,3276,0.681895
Nc=Np,0.199951171875,3276,0.647134
Nc=Np,0.199951171875,3276,0.661299
Nc=Np,0.199951171875,3276,0.672928
Nc=Np,0.199951171875,3276,0.685831
Nc=Np,0.199951171875,3276,0.674089
Nc=Np,0.199951171875,3276,0.664749
Nc=Np,0.199951171875,3276,0.668433
Nc=Np,0.199951171875,3276,0.691199
Nc=Np,0.199951171875,3276,0.660698
Nc=Np,0.199951171875,3276,0.672478
Nc=Np,0.199951171875,3276,0.665166
Nc=Np,0.199951171875,3276,0.664772
Nc=Np,0.199951171875,3276,0.666621
Nc=Np,0.199951171875,3276,0.653594
Nc=Np,0.199951171875,3276,0.669281
Nc=Np,0.199951171875,3276,0.668029
Nc=Np,0.199951171875,3276,0.670193
Nc=Np,0.199951171875,3276,0.66776
Nc=Np,0.199951171875,3276,0.69501
Nc=Np,0.199951171875,3276,0.698313
Nc=Np,0.199951171875,3276,0.661093
Nc=Np,0.199951171875,3276,0.672332
Nc=Np,0.199951171875,3276,0.66656
Nc=Np,0.199951171875,3276,0.670734
Nc=Np,0.199951171875,3276,0.653417
Nc=Np,0.199951171875,3276,0.670081
Nc=Np,0.199951171875,3276,0.657747
Nc=Np,0.199951171875,3276,0.661036
Nc=Np,0.199951171875,3276,0.647036
Nc=Np,0.199951171875,3276,0.654292
Nc=Np,0.199951171875,3276,0.653018
Nc=Np,0.199951171875,3276,0.652449
Nc=Np,0.199951171875,3276,0.688071
Nc=Np,0.199951171875,3276,0.645533
Nc=Np,0.199951171875,3276,0.649887
Nc=Np,0.199951171875,3276,0.645777
Nc=Np,0.199951171875,3276,0.674955
Nc=Np,0.199951171875,3276,0.686897
Nc=Np,0.199951171875,3276,0.656829
Nc=Np,0.199951171875,3276,0.669053
Nc=Np,0.199951171875,3276,0.675665
Nc=Np,0.199951171875,3276,0.665486
Nc=Np,0.199951171875,3276,0.658734
Nc=Np,0.199951171875,3276,0.654098
Nc=Np,0.199951171875,3276,0.658595
Nc=Np,0.199951171875,3276,0.679212
Nc=Np,0.199951171875,3276,0.663581
Nc=Np,0.199951171875,3276,0.647973
Nc=Np,0.199951171875,3276,0.645295
Nc=Np,0.199951171875,3276,0.667265
Nc=Np,0.199951171875,3276,0.678448
Nc=Np,0.199951171875,3276,0.650072
Nc=Np,0.199951171875,3276,0.687523
Nc=Np,0.199951171875,3276,0.696156
Nc=Np,0.199951171875,3276,0.668032
Nc=Np,0.199951171875,3276,0.664201
Nc=Np,0.199951171875,3276,0.644178
Nc=Np,0.199951171875,3276,0.666779
Nc=Np,0.199951171875,3276,0.691169
Nc=Np,0.199951171875,3276,0.661853
Nc=Np,0.199951171875,3276,0.653381
Nc=Np,0.199951171875,3276,0.656628
Nc=Np,0.199951171875,3276,0.693958
Nc=Np,0.199951171875,3276,0.659702
Nc=Np,0.199951171875,3276,0.671779
Nc=Np,0.199951171875,3276,0.678905
Nc=Np,0.199951171875,3276,0.664625
Nc=Np,0.199951171875,3276,0.672902
Nc=Np,0.199951171875,3276,0.670306
Nc=Np,0.199951171875,3276,0.678214
Nc=Np,0.199951171875,3276,0.658186
Nc=Np,0.199951171875,3276,0.666298
Nc=Np,0.199951171875,3276,0.667031
Nc=Np,0.199951171875,3276,0.676275
Nc=Np,0.199951171875,3276,0.654519
Nc=Np,0.199951171875,3276,0.701627
Nc=Np,0.199951171875,3276,0.659807
Nc=Np,0.199951171875,3276,0.652298
Nc=Np,0.199951171875,3276,0.659137
Nc=Np,0.199951171875,3276,0.708315
Nc=Np,0.199951171875,3276,0.665822
Nc=Np,0.199951171875,3276,0.678847
Nc=Np,0.199951171875,3276,0.667908
Nc=Np,0.199951171875,3276,0.658845
Nc=Np,0.199951171875,3276,0.677348
Nc=Np,0.199951171875,3276,0.64387
Nc=Np,0.199951171875,3276,0.656276
Nc=Np,0.199951171875,3276,0.675882
Nc=Np,0.199951171875,3276,0.652323
Nc=Np,0.199951171875,3276,0.667191
Nc=Np,0.199951171875,3276,0.658103
Nc=Np,0.199951171875,3276,0.669252
Nc=Np,0.199951171875,3276,0.688432
Nc=Np,0.199951171875,3276,0.644568
Nc=Np,0.199951171875,3276,0.701661
Nc=Np,0.199951171875,3276,0.651452
Nc=Np,0.199951171875,3276,0.647379
Nc=Np,0.199951171875,3276,0.684604
Nc=Np,0.29998779296875,4915,0.634855
Nc=Np,0.29998779296875,4915,0.615698
Nc=Np,0.29998779296875,4915,0.638411
Nc=Np,0.29998779296875,4915,0.607707
Nc=Np,0.29998779296875,4915,0.614247
Nc=Np,0.29998779296875,4915,0.611171
Nc=Np,0.29998779296875,4915,0.626022
Nc=Np,0.29998779296875,4915,0.663664
Nc=Np,0.29998779296875,4915,0.617154
Nc=Np,0.29998779296875,4915,0.612132
Nc=Np,0.29998779296875,4915,0.636515
Nc=Np,0.29998779296875,4915,0.638769
Nc=Np,0.29998779296875,4915,0.6143
Nc=Np,0.29998779296875,4915,0.615933
Nc=Np,0.29998779296875,4915,0.626679
Nc=Np,0.29998779296875,4915,0.639609
Nc=Np,0.29998779296875,4915,0.657235
Nc=Np,0.29998779296875,4915,0.626471
Nc=Np,0.29998779296875,4915,0.619223
Nc=Np,0.29998779296875,4915,0.621188
Nc=Np,0.29998779296875,4915,0.62751
Nc=Np,0.29998779296875,4915,0.629191
Nc=Np,0.29998779296875,4915,0.653305
Nc=Np,0.29998779296875,4915,0.642556
Nc=Np,0.29998779296875,4915,0.634258
Nc=Np,0.29998779296875,4915,0.607091
Nc=Np,0.29998779296875,4915,0.6271
Nc=Np,0.29998779296875,4915,0.606981
Nc=Np,0.29998779296875,4915,0.637589
Nc=Np,0.29998779296875,4915,0.612614
Nc=Np,0.29998779296875,4915,0.632684
Nc=Np,0.29998779296875,4915,0.640633
Nc=Np,0.29998779296875,4915,0.622132
Nc=Np,0.29998779296875,4915,0.623671
Nc=Np,0.29998779296875,4915,0.619856
Nc=Np,0.29998779296875,4915,0.626417
Nc=Np,0.29998779296875,4915,0.654986
Nc=Np,0.29998779296875,4915,0.628044
Nc=Np,0.29998779296875,4915,0.659737
Nc=Np,0.29998779296875,4915,0.614336
Nc=Np,0.29998779296875,4915,0.654595
Nc=Np,0.29998779296875,4915,0.636378
Nc=Np,0.29998779296875,4915,0.644793
Nc=Np,0.29998779296875,4915,0.633055
Nc=Np,0.29998779296875,4915,0.621511
Nc=Np,0.29998779296875,4915,0.6379
Nc=Np,0.29998779296875,4915,0.609374
Nc=Np,0.29998779296875,4915,0.619927
Nc=Np,0.29998779296875,4915,0.654875
Nc=Np,0.29998779296875,4915,0.640915
Nc=Np,0.29998779296875,4915,0.620417
Nc=Np,0.29998779296875,4915,0.657501
Nc=Np,0.29998779296875,4915,0.606555
Nc=Np,0.29998779296875,4915,0.643219
Nc=Np,0.29998779296875,4915,0.622965
Nc=Np,0.29998779296875,4915,0.637794
Nc=Np,0.29998779296875,4915,0.619395
Nc=Np,0.29998779296875,4915,0.613856
Nc=Np,0.29998779296875,4915,0.631819
Nc=Np,0.29998779296875,4915,0.630866
Nc=Np,0.29998779296875,4915,0.618224
Nc=Np,0.29998779296875,4915,0.615667
Nc=Np,0.29998779296875,4915,0.630617
Nc=Np,0.29998779296875,4915,0.619201
Nc=Np,0.29998779296875,4915,0.616934
Nc=Np,0.29998779296875,4915,0.623574
Nc=Np,0.29998779296875,4915,0.611961
Nc=Np,0.29998779296875,4915,0.625043
Nc=Np,0.29998779296875,4915,0.622799
Nc=Np,0.29998779296875,4915,0.624857
Nc=Np,0.29998779296875,4915,0.638523
Nc=Np,0.29998779296875,4915,0.634645
Nc=Np,0.29998779296875,4915,0.647592
Nc=Np,0.29998779296875,4915,0.613906
Nc=Np,0.29998779296875,4915,0.620102
Nc=Np,0.29998779296875,4915,0.640258
Nc=Np,0.29998779296875,4915,0.658201
Nc=Np,0.29998779296875,4915,0.639086
Nc=Np,0.29998779296875,4915,0.64467
Nc=Np,0.29998779296875,4915,0.628456
Nc=Np,0.29998779296875,4915,0.625736
Nc=Np,0.29998779296875,4915,0.640783
Nc=Np,0.29998779296875,4915,0.619904
Nc=Np,0.29998779296875,4915,0.606732
Nc=Np,0.29998779296875,4915,0.635664
Nc=Np,0.29998779296875,4915,0.627901
Nc=Np,0.29998779296875,4915,0.615542
Nc=Np,0.29998779296875,4915,0.657468
Nc=Np,0.29998779296875,4915,0.610005
Nc=Np,0.29998779296875,4915,0.6395
Nc=Np,0.29998779296875,4915,0.626397
Nc=Np,0.29998779296875,4915,0.639444
Nc=Np,0.29998779296875,4915,0.638483
Nc=Np,0.29998779296875,4915,0.652622
Nc=Np,0.29998779296875,4915,0.641376
Nc=Np,0.29998779296875,4915,0.640073
Nc=Np,0.29998779296875,4915,0.626821
Nc=Np,0.29998779296875,4915,0.618486
Nc=Np,0.29998779296875,4915,0.624091
Nc=Np,0.29998779296875,4915,0.629716
Nc=Np,0.39996337890625,6553,0.547895
Nc=Np,0.39996337890625,6553,0.559456
Nc=Np,0.39996337890625,6553,0.56986
Nc=Np,0.39996337890625,6553,0.558184
Nc=Np,0.39996337890625,6553,0.562003
Nc=Np,0.39996337890625,6553,0.556869
Nc=Np,0.39996337890625,6553,0.552193
Nc=Np,0.39996337890625,6553,0.583083
Nc=Np,0.39996337890625,6553,0.577508
Nc=Np,0.39996337890625,6553,0.540194
Nc=Np,0.39996337890625,6553,0.561321
Nc=Np,0.39996337890625,6553,0.570187
Nc=Np,0.39996337890625,6553,0.548486
Nc=Np,0.39996337890625,6553,0.570764
Nc=Np,0.39996337890625,6553,0.58661
Nc=Np,0.39996337890625,6553,0.554569
Nc=Np,0.39996337890625,6553,0.570504
Nc=Np,0.39996337890625,6553,0.560041
Nc=Np,0.39996337890625,6553,0.561741
Nc=Np,0.39996337890625,6553,0.569245
Nc=Np,0.39996337890625,6553,0.576346
Nc=Np,0.39996337890625,6553,0.579253
Nc=Np,0.39996337890625,6553,0.561555
Nc=Np,0.39996337890625,6553,0.550252
Nc=Np,0.39996337890625,6553,0.57116
Nc=Np,0.39996337890625,6553,0.572448
Nc=Np,0.39996337890625,6553,0.551021
Nc=Np,0.39996337890625,6553,0.56522
Nc=Np,0.39996337890625,6553,0.581671
Nc=Np,0.39996337890625,6553,0.563
Nc=Np,0.39996337890625,6553,0.536558
Nc=Np,0.39996337890625,6553,0.556917
Nc=Np,0.39996337890625,6553,0.561344
Nc=Np,0.39996337890625,6553,0.553899
Nc=Np,0.39996337890625,6553,0.552785
Nc=Np,0.39996337890625,6553,0.561212
Nc=Np,0.39996337890625,6553,0.579598
Nc=Np,0.39996337890625,6553,0.551355
Nc=Np,0.39996337890625,6553,0.560963
Nc=Np,0.39996337890625,6553,0.549255
Nc=Np,0.39996337890625,6553,0.561551
Nc=Np,0.39996337890625,6553,0.536163
Nc=Np,0.39996337890625,6553,0.589536
Nc=Np,0.39996337890625,6553,0.568514
Nc=Np,0.39996337890625,6553,0.578099
Nc=Np,0.39996337890625,6553,0.589201
Nc=Np,0.39996337890625,6553,0.553773
Nc=Np,0.39996337890625,6553,0.560244
Nc=Np,0.39996337890625,6553,0.581605
Nc=Np,0.39996337890625,6553,0.563755
Nc=Np,0.39996337890625,6553,0.586733
Nc=Np,0.39996337890625,6553,0.556538
Nc=Np,0.39996337890625,6553,0.572635
Nc=Np,0.39996337890625,6553,0.555777
Nc=Np,0.39996337890625,6553,0.552943
Nc=Np,0.39996337890625,6553,0.575487
Nc=Np,0.39996337890625,6553,0.541113
Nc=Np,0.39996337890625,6553,0.573828
Nc=Np,0.39996337890625,6553,0.576512
Nc=Np,0.39996337890625,6553,0.55923
Nc=Np,0.39996337890625,6553,0.572394
Nc=Np,0.39996337890625,6553,0.55806
Nc=Np,0.39996337890625,6553,0.578646
Nc=Np,0.39996337890625,6553,0.567942
Nc=Np,0.39996337890625,6553,0.552001
Nc=Np,0.39996337890625,6553,0.589329
Nc=Np,0.39996337890625,6553,0.53738
Nc=Np,0.39996337890625,6553,0.551201
Nc=Np,0.39996337890625,6553,0.565232
Nc=Np,0.39996337890625,6553,0.568767
Nc=Np,0.39996337890625,6553,0.575743
Nc=Np,0.39996337890625,6553,0.562479
Nc=Np,0.39996337890625,6553,0.560303
Nc=Np,0.39996337890625,6553,0.572738
Nc=Np,0.39996337890625,6553,0.563427
Nc=Np,0.39996337890625,6553,0.565474
Nc=Np,0.39996337890625,6553,0.572626
Nc=Np,0.39996337890625,6553,0.573335
Nc=Np,0.39996337890625,6553,0.543285
Nc=Np,0.39996337890625,6553,0.582001
Nc=Np,0.39996337890625,6553,0.564412
Nc=Np,0.39996337890625,6553,0.555966
Nc=Np,0.39996337890625,6553,0.563283
Nc=Np,0.39996337890625,6553,0.561672
Nc=Np,0.39996337890625,6553,0.550959
Nc=Np,0.39996337890625,6553,0.550498
Nc=Np,0.39996337890625,6553,0.559492
Nc=Np,0.39996337890625,6553,0.557096
Nc=Np,0.39996337890625,6553,0.573569
Nc=Np,0.39996337890625,6553,0.557268
Nc=Np,0.39996337890625,6553,0.566114
Nc=Np,0.39996337890625,6553,0.571899
Nc=Np,0.39996337890625,6553,0.580756
Nc=Np,0.39996337890625,6553,0.565398
Nc=Np,0.39996337890625,6553,0.566409
Nc=Np,0.39996337890625,6553,0.565724
Nc=Np,0.39996337890625,6553,0.564857
Nc=Np,0.39996337890625,6553,0.564469
Nc=Np,0.39996337890625,6553,0.553271
Nc=Np,0.39996337890625,6553,0.568404
Nc=Np,0.5,8192,0.485553
Nc=Np,0.5,8192,0.492718
Nc=Np,0.5,8192,0.462781
Nc=Np,0.5,8192,0.446435
Nc=Np,0.5,8192,0.463956
Nc=Np,0.5,8192,0.458681
Nc=Np,0.5,8192,0.465224
Nc=Np,0.5,8192,0.44788
Nc=Np,0.5,8192,0.465151
Nc=Np,0.5,8192,0.453751
Nc=Np,0.5,8192,0.477789
Nc=Np,0.5,8192,0.464351
Nc=Np,0.5,8192,0.505754
Nc=Np,0.5,8192,0.45598
Nc=Np,0.5,8192,0.448841
Nc=Np,0.5,8192,0.454743
Nc=Np,0.5,8192,0.515091
Nc=Np,0.5,8192,0.477574
Nc=Np,0.5,8192,0.450042
Nc=Np,0.5,8192,0.475626
Nc=Np,0.5,8192,0.439404
Nc=Np,0.5,8192,0.475257
Nc=Np,0.5,8192,0.442662
Nc=Np,0.5,8192,0.484246
Nc=Np,0.5,8192,0.481509
Nc=Np,0.5,8192,0.453619
Nc=Np,0.5,8192,0.485988
Nc=Np,0.5,8192,0.464418
Nc=Np,0.5,8192,0.447602
Nc=Np,0.5,8192,0.470604
Nc=Np,0.5,8192,0.510337
Nc=Np,0.5,8192,0.477275
Nc=Np,0.5,8192,0.461225
Nc=Np,0.5,8192,0.457707
Nc=Np,0.5,8192,0.460337
Nc=Np,0.5,8192,0.437972
Nc=Np,0.5,8192,0.484036
Nc=Np,0.5,8192,0.501743
Nc=Np,0.5,8192,0.479112
Nc=Np,0.5,8192,0.475563
Nc=Np,0.5,8192,0.481181
Nc=Np,0.5,8192,0.463662
Nc=Np,0.5,8192,0.468574
Nc=Np,0.5,8192,0.458059
Nc=Np,0.5,8192,0.462321
Nc=Np,0.5,8192,0.44241
Nc=Np,0.5,8192,0.432341
Nc=Np,0.5,8192,0.479513
Nc=Np,0.5,8192,0.467738
Nc=Np,0.5,8192,0.500401
Nc=Np,0.5,8192,0.480605
Nc=Np,0.5,8192,0.446486
Nc=Np,0.5,8192,0.476813
Nc=Np,0.5,8192,0.47089
Nc=Np,0.5,8192,0.47119
Nc=Np,0.5,8192,0.485932
Nc=Np,0.5,8192,0.472809
Nc=Np,0.5,8192,0.449279
Nc=Np,0.5,8192,0.497944
Nc=Np,0.5,8192,0.474144
Nc=Np,0.5,8192,0.461243
Nc=Np,0.5,8192,0.495247
Nc=Np,0.5,8192,0.485627
Nc=Np,0.5,8192,0.467412
Nc=Np,0.5,8192,0.434775
Nc=Np,0.5,8192,0.489312
Nc=Np,0.5,8192,0.49056
Nc=Np,0.5,8192,0.476784
Nc=Np,0.5,8192,0.479738
Nc=Np,0.5,8192,0.468369
Nc=Np,0.5,8192,0.476013
Nc=Np,0.5,8192,0.454372
Nc=Np,0.5,8192,0.478382
Nc=Np,0.5,8192,0.467883
Nc=Np,0.5,8192,0.451856
Nc=Np,0.5,8192,0.479698
Nc=Np,0.5,8192,0.452574
Nc=Np,0.5,8192,0.472524
Nc=Np,0.5,8192,0.454788
Nc=Np,0.5,8192,0.467359
Nc=Np,0.5,8192,0.468489
Nc=Np,0.5,8192,0.468355
Nc=Np,0.5,8192,0.456923
Nc=Np,0.5,8192,0.50612
Nc=Np,0.5,8192,0.451945
Nc=Np,0.5,8192,0.469128
Nc=Np,0.5,8192,0.453342
Nc=Np,0.5,8192,0.45507
Nc=Np,0.5,8192,0.455115
Nc=Np,0.5,8192,0.475959
Nc=Np,0.5,8192,0.476364
Nc=Np,0.5,8192,0.437751
Nc=Np,0.5,8192,0.47944
Nc=Np,0.5,8192,0.481119
Nc=Np,0.5,8192,0.482803
Nc=Np,0.5,8192,0.466665
Nc=Np,0.5,8192,0.468365
Nc=Np,0.5,8192,0.48605
Nc=Np,0.5,8192,0.446679
Nc=Np,0.5,8192,0.489116
Nc=Np,0.5999755859375,9830,0.343938
Nc=Np,0.5999755859375,9830,0.355395
Nc=Np,0.5999755859375,9830,0.349454
Nc=Np,0.5999755859375,9830,0.36553
Nc=Np,0.5999755859375,9830,0.385943
Nc=Np,0.5999755859375,9830,0.379343
Nc=Np,0.5999755859375,9830,0.365516
Nc=Np,0.5999755859375,9830,0.374227
Nc=Np,0.5999755859375,9830,0.36901
Nc=Np,0.5999755859375,9830,0.393914
Nc=Np,0.5999755859375,9830,0.386003
Nc=Np,0.5999755859375,9830,0.350324
Nc=Np,0.5999755859375,9830,0.367124
Nc=Np,0.5999755859375,9830,0.340567
Nc=Np,0.5999755859375,9830,0.331133
Nc=Np,0.5999755859375,9830,0.351811
Nc=Np,0.5999755859375,9830,0.356857
Nc=Np,0.5999755859375,9830,0.352883
Nc=Np,0.5999755859375,9830,0.345242
Nc=Np,0.5999755859375,9830,0.349049
Nc=Np,0.5999755859375,9830,0.362584
Nc=Np,0.5999755859375,9830,0.359562
Nc=Np,0.5999755859375,9830,0.335448
Nc=Np,0.5999755859375,9830,0.365172
Nc=Np,0.5999755859375,9830,0.351181
Nc=Np,0.5999755859375,9830,0.349528
Nc=Np,0.5999755859375,9830,0.302459
Nc=Np,0.5999755859375,9830,0.3363
Nc=Np,0.5999755859375,9830,0.3445
Nc=Np,0.5999755859375,9830,0.407052
Nc=Np,0.5999755859375,9830,0.368454
Nc=Np,0.5999755859375,9830,0.398925
Nc=Np,0.5999755859375,9830,0.395883
Nc=Np,0.5999755859375,9830,0.339584
Nc=Np,0.5999755859375,9830,0.388645
Nc=Np,0.5999755859375,9830,0.374919
Nc=Np,0.5999755859375,9830,0.347167
Nc=Np,0.5999755859375,9830,0.403194
Nc=Np,0.5999755859375,9830,0.340311
Nc=Np,0.5999755859375,9830,0.363993
Nc=Np,0.5999755859375,9830,0.3545
Nc=Np,0.5999755859375,9830,0.351897
Nc=Np,0.5999755859375,9830,0.360699
Nc=Np,0.5999755859375,9830,0.34862
Nc=Np,0.5999755859375,9830,0.358956
Nc=Np,0.5999755859375,9830,0.344295
Nc=Np,0.5999755859375,9830,0.359918
Nc=Np,0.5999755859375,9830,0.338842
Nc=Np,0.5999755859375,9830,0.376332
Nc=Np,0.5999755859375,9830,0.311202
Nc=Np,0.5999755859375,9830,0.365124
Nc=Np,0.5999755859375,9830,0.379656
Nc=Np,0.5999755859375,9830,0.362638
Nc=Np,0.5999755859375,9830,0.351401
Nc=Np,0.5999755859375,9830,0.422028
Nc=Np,0.5999755859375,9830,0.370573
Nc=Np,0.5999755859375,9830,0.331232
Nc=Np,0.5999755859375,9830,0.385496
Nc=Np,0.5999755859375,9830,0.372562
Nc=Np,0.5999755859375,9830,0.308116
Nc=Np,0.5999755859375,9830,0.33138
Nc=Np,0.5999755859375,9830,0.382646
Nc=Np,0.5999755859375,9830,0.358191
Nc=Np,0.5999755859375,9830,0.339533
Nc=Np,0.5999755859375,9830,0.344997
Nc=Np,0.5999755859375,9830,0.349783
Nc=Np,0.5999755859375,9830,0.316686
Nc=Np,0.5999755859375,9830,0.339383
Nc=Np,0.5999755859375,9830,0.310458
Nc=Np,0.5999755859375,9830,0.364764
Nc=Np,0.5999755859375,9830,0.342529
Nc=Np,0.5999755859375,9830,0.348924
Nc=Np,0.5999755859375,9830,0.424014
Nc=Np,0.5999755859375,9830,0.351602
Nc=Np,0.5999755859375,9830,0.326208
Nc=Np,0.5999755859375,9830,0.329221
Nc=Np,0.5999755859375,9830,0.371908
Nc=Np,0.5999755859375,9830,0.371855
Nc=Np,0.5999755859375,9830,0.356945
Nc=Np,0.5999755859375,9830,0.354493
Nc=Np,0.5999755859375,9830,0.385288
Nc=Np,0.5999755859375,9830,0.385707
Nc=Np,0.5999755859375,9830,0.370292
Nc=Np,0.5999755859375,9830,0.433908
Nc=Np,0.5999755859375,9830,0.364611
Nc=Np,0.5999755859375,9830,0.369538
Nc=Np,0.5999755859375,9830,0.38028
Nc=Np,0.5999755859375,9830,0.378275
Nc=Np,0.5999755859375,9830,0.378882
Nc=Np,0.5999755859375,9830,0.393774
Nc=Np,0.5999755859375,9830,0.355028
Nc=Np,0.5999755859375,9830,0.405953
Nc=Np,0.5999755859375,9830,0.351681
Nc=Np,0.5999755859375,9830,0.350396
Nc=Np,0.5999755859375,9830,0.385574
Nc=Np,0.5999755859375,9830,0.364004
Nc=Np,0.5999755859375,9830,0.363638
Nc=Np,0.5999755859375,9830,0.352506
Nc=Np,0.5999755859375,9830,0.345855
Nc=Np,0.5999755859375,9830,0.338049
Nc=Np,0.699951171875,11468,0.233901
Nc=Np,0.699951171875,11468,0.234161
Nc=Np,0.699951171875,11468,0.217683
Nc=Np,0.699951171875,11468,0.231817
Nc=Np,0.699951171875,11468,0.209741
Nc=Np,0.699951171875,11468,0.243585
Nc=Np,0.699951171875,11468,0.27251
Nc=Np,0.699951171875,11468,0.241695
Nc=Np,0.699951171875,11468,0.211083
Nc=Np,0.699951171875,11468,0.252497
Nc=Np,0.699951171875,11468,0.323421
Nc=Np,0.699951171875,11468,0.239609
Nc=Np,0.699951171875,11468,0.19751
Nc=Np,0.699951171875,11468,0.26866
Nc=Np,0.699951171875,11468,0.255792
Nc=Np,0.699951171875,11468,0.267152
Nc=Np,0.699951171875,11468,0.221502
Nc=Np,0.699951171875,11468,0.258756
Nc=Np,0.699951171875,11468,0.271851
Nc=Np,0.699951171875,11468,0.310581
Nc=Np,0.699951171875,11468,0.267532
Nc=Np,0.699951171875,11468,0.279798
Nc=Np,0.699951171875,11468,0.234529
Nc=Np,0.699951171875,11468,0.294123
Nc=Np,0.699951171875,11468,0.270396
Nc=Np,0.699951171875,11468,0.294055
Nc=Np,0.699951171875,11468,0.204941
Nc=Np,0.699951171875,11468,0.252294
Nc=Np,0.699951171875,11468,0.250193
Nc=Np,0.699951171875,11468,0.245985
Nc=Np,0.699951171875,11468,0.272909
Nc=Np,0.699951171875,11468,0.297769
Nc=Np,0.699951171875,11468,0.319235
Nc=Np,0.699951171875,11468,0.241703
Nc=Np,0.699951171875,11468,0.256776
Nc=Np,0.699951171875,11468,0.213065
Nc=Np,0.699951171875,11468,0.173004
Nc=Np,0.699951171875,11468,0.226438
Nc=Np,0.699951171875,11468,0.312319
Nc=Np,0.699951171875,11468,0.259455
Nc=Np,0.699951171875,11468,0.24196
Nc=Np,0.699951171875,11468,0.227848
Nc=Np,0.699951171875,11468,0.268984
Nc=Np,0.699951171875,11468,0.238456
Nc=Np,0.699951171875,11468,0.268041
Nc=Np,0.699951171875,11468,0.257973
Nc=Np,0.699951171875,11468,0.197521
Nc=Np,0.699951171875,11468,0.225046
Nc=Np,0.699951171875,11468,0.244635
Nc=Np,0.699951171875,11468,0.211421
Nc=Np,0.699951171875,11468,0.228092
Nc=Np,0.699951171875,11468,0.281453
Nc=Np,0.699951171875,11468,0.268057
Nc=Np,0.699951171875,11468,0.237692
Nc=Np,0.699951171875,11468,0.232834
Nc=Np,0.699951171875,11468,0.285758
Nc=Np,0.699951171875,11468,0.272675
Nc=Np,0.699951171875,11468,0.246788
Nc=Np,0.699951171875,11468,0.247986
Nc=Np,0.699951171875,11468,0.345347
Nc=Np,0.699951171875,11468,0.276574
Nc=Np,0.699951171875,11468,0.266831
Nc=Np,0.699951171875,11468,0.267133
Nc=Np,0.699951171875,11468,0.237289
Nc=Np,0.699951171875,11468,0.250868
Nc=Np,0.699951171875,11468,0.303521
Nc=Np,0.699951171875,11468,0.220173
Nc=Np,0.699951171875,11468,0.243282
Nc=Np,0.699951171875,11468,0.236948
Nc=Np,0.699951171875,11468,0.258942
Nc=Np,0.699951171875,11468,0.307065
Nc=Np,0.699951171875,11468,0.225684
Nc=Np,0.699951171875,11468,0.272112
Nc=Np,0.699951171875,11468,0.226622
Nc=Np,0.699951171875,11468,0.26053
Nc=Np,0.699951171875,11468,0.21217
Nc=Np,0.699951171875,11468,0.204556
Nc=Np,0.699951171875,11468,0.216465
Nc=Np,0.699951171875,11468,0.275703
Nc=Np,0.699951171875,11468,0.278037
Nc=Np,0.699951171875,11468,0.266344
Nc=Np,0.699951171875,11468,0.225579
Nc=Np,0.699951171875,11468,0.286128
Nc=Np,0.699951171875,11468,0.209591
Nc=Np,0.699951171875,11468,0.264353
Nc=Np,0.699951171875,11468,0.283145
Nc=Np,0.699951171875,11468,0.227149
Nc=Np,0.699951171875,11468,0.27474
Nc=Np,0.699951171875,11468,0.295588
Nc=Np,0.699951171875,11468,0.213216
Nc=Np,0.699951171875,11468,0.298766
Nc=Np,0.699951171875,11468,0.200437
Nc=Np,0.699951171875,11468,0.27638
Nc=Np,0.699951171875,11468,0.270463
Nc=Np,0.699951171875,11468,0.246835
Nc=Np,0.699951171875,11468,0.236956
Nc=Np,0.699951171875,11468,0.265167
Nc=Np,0.699951171875,11468,0.300646
Nc=Np,0.699951171875,11468,0.236106
Nc=Np,0.699951171875,11468,0.243449
Nc=Np,0.79998779296875,13107,0.222336
Nc=Np,0.79998779296875,13107,0.198639
Nc=Np,0.79998779296875,13107,0.152541
Nc=Np,0.79998779296875,13107,0.117616
Nc=Np,0.79998779296875,13107,0.186904
Nc=Np,0.79998779296875,13107,0.152052
Nc=Np,0.79998779296875,13107,0.134027
Nc=Np,0.79998779296875,13107,0.120706
Nc=Np,0.79998779296875,13107,0.183514
Nc=Np,0.79998779296875,13107,0.156949
Nc=Np,0.79998779296875,13107,0.119997
Nc=Np,0.79998779296875,13107,0.259238
Nc=Np,0.79998779296875,13107,0.120149
Nc=Np,0.79998779296875,13107,0.169171
Nc=Np,0.79998779296875,13107,0.156031
Nc=Np,0.79998779296875,13107,0.213301
Nc=Np,0.79998779296875,13107,0.120583
Nc=Np,0.79998779296875,13107,0.131946
Nc=Np,0.79998779296875,13107,0.210242
Nc=Np,0.79998779296875,13107,0.16918
Nc=Np,0.79998779296875,13107,0.09907
Nc=Np,0.79998779296875,13107,0.181254
Nc=Np,0.79998779296875,13107,0.091199
Nc=Np,0.79998779296875,13107,0.122941
Nc=Np,0.79998779296875,13107,0.236627
Nc=Np,0.79998779296875,13107,0.169794
Nc=Np,0.79998779296875,13107,0.142751
Nc=Np,0.79998779296875,13107,0.111876
Nc=Np,0.79998779296875,13107,0.166466
Nc=Np,0.79998779296875,13107,0.136696
Nc=Np,0.79998779296875,13107,0.174533
Nc=Np,0.79998779296875,13107,0.209384
Nc=Np,0.79998779296875,13107,0.133566
Nc=Np,0.79998779296875,13107,0.154675
Nc=Np,0.79998779296875,13107,0.175968
Nc=Np,0.79998779296875,13107,0.16061
Nc=Np,0.79998779296875,13107,0.170906
Nc=Np,0.79998779296875,13107,0.181952
Nc=Np,0.79998779296875,13107,0.160374
Nc=Np,0.79998779296875,13107,0.217608
Nc=Np,0.79998779296875,13107,0.11835
Nc=Np,0.79998779296875,13107,0.241058
Nc=Np,0.79998779296875,13107,0.178677
Nc=Np,0.79998779296875,13107,0.130146
Nc=Np,0.79998779296875,13107,0.114756
Nc=Np,0.79998779296875,13107,0.16265
Nc=Np,0.79998779296875,13107,0.188007
Nc=Np,0.79998779296875,13107,0.197479
Nc=Np,0.79998779296875,13107,0.143277
Nc=Np,0.79998779296875,13107,0.165061
Nc=Np,0.79998779296875,13107,0.125542
Nc=Np,0.79998779296875,13107,0.226524
Nc=Np,0.79998779296875,13107,0.111943
Nc=Np,0.79998779296875,13107,0.086123
Nc=Np,0.79998779296875,13107,0.18721
Nc=Np,0.79998779296875,13107,0.206767
Nc=Np,0.79998779296875,13107,0.172261
Nc=Np,0.79998779296875,13107,0.180001
Nc=Np,0.79998779296875,13107,0.192872
Nc=Np,0.79998779296875,13107,0.19115
Nc=Np,0.79998779296875,13107,0.162044
Nc=Np,0.79998779296875,13107,0.11547
Nc=Np,0.79998779296875,13107,0.232767
Nc=Np,0.79998779296875,13107,0.159684
Nc=Np,0.79998779296875,13107,0.124605
Nc=Np,0.79998779296875,13107,0.158058
Nc=Np,0.79998779296875,13107,0.221211
Nc=Np,0.79998779296875,13107,0.163897
Nc=Np,0.79998779296875,13107,0.159047
Nc=Np,0.79998779296875,13107,0.195396
Nc=Np,0.79998779296875,13107,0.221343
Nc=Np,0.79998779296875,13107,0.170714
Nc=Np,0.79998779296875,13107,0.158622
Nc=Np,0.79998779296875,13107,0.172201
Nc=Np,0.79998779296875,13107,0.19612
Nc=Np,0.79998779296875,13107,0.167553
Nc=Np,0.79998779296875,13107,0.216618
Nc=Np,0.79998779296875,13107,0.131486
Nc=Np,0.79998779296875,13107,0.171147
Nc=Np,0.79998779296875,13107,0.185419
Nc=Np,0.79998779296875,13107,0.154205
Nc=Np,0.79998779296875,13107,0.193343
Nc=Np,0.79998779296875,13107,0.094597
Nc=Np,0.79998779296875,13107,0.174747
Nc=Np,0.79998779296875,13107,0.171742
Nc=Np,0.79998779296875,13107,0.135761
Nc=Np,0.79998779296875,13107,0.024215
Nc=Np,0.79998779296875,13107,0.200837
Nc=Np,0.79998779296875,13107,0.131049
Nc=Np,0.79998779296875,13107,0.156451
Nc=Np,0.79998779296875,13107,0.134277
Nc=Np,0.79998779296875,13107,0.188687
Nc=Np,0.79998779296875,13107,0.256867
Nc=Np,0.79998779296875,13107,0.154961
Nc=Np,0.79998779296875,13107,0.209653
Nc=Np,0.79998779296875,13107,0.129521
Nc=Np,0.79998779296875,13107,0.172357
Nc=Np,0.79998779296875,13107,0.16545
Nc=Np,0.79998779296875,13107,0.097533
Nc=Np,0.79998779296875,13107,0.186
Nc=Np_0.5,0.0,0,0.791079
Nc=Np_0.5,0.0,0,0.793266
Nc=Np_0.5,0.0,0,0.784694
Nc=Np_0.5,0.0,0,0.778206
Nc=Np_0.5,0.0,0,0.767446
Nc=Np_0.5,0.0,0,0.783867
Nc=Np_0.5,0.0,0,0.780839
Nc=Np_0.5,0.0,0,0.791535
Nc=Np_0.5,0.0,0,0.784044
Nc=Np_0.5,0.0,0,0.771703
Nc=Np_0.5,0.0,0,0.772838
Nc=Np_0.5,0.0,0,0.802109
Nc=Np_0.5,0.0,0,0.79896
Nc=Np_0.5,0.0,0,0.797246
Nc=Np_0.5,0.0,0,0.785545
Nc=Np_0.5,0.0,0,0.780097
Nc=Np_0.5,0.0,0,0.778476
Nc=Np_0.5,0.0,0,0.785705
Nc=Np_0.5,0.0,0,0.799045
Nc=Np_0.5,0.0,0,0.77991
Nc=Np_0.5,0.0,0,0.762492
Nc=Np_0.5,0.0,0,0.788366
Nc=Np_0.5,0.0,0,0.794423
Nc=Np_0.5,0.0,0,0.804892
Nc=Np_0.5,0.0,0,0.790627
Nc=Np_0.5,0.0,0,0.793442
Nc=Np_0.5,0.0,0,0.780156
Nc=Np_0.5,0.0,0,0.792145
Nc=Np_0.5,0.0,0,0.791697
Nc=Np_0.5,0.0,0,0.782157
Nc=Np_0.5,0.0,0,0.794871
Nc=Np_0.5,0.0,0,0.785717
Nc=Np_0.5,0.0,0,0.784696
Nc=Np_0.5,0.0,0,0.787209
Nc=Np_0.5,0.0,0,0.785992
Nc=Np_0.5,0.0,0,0.805695
Nc=Np_0.5,0.0,0,0.782874
Nc=Np_0.5,0.0,0,0.799909
Nc=Np_0.5,0.0,0,0.788809
Nc=Np_0.5,0.0,0,0.785293
Nc=Np_0.5,0.0,0,0.79547
Nc=Np_0.5,0.0,0,0.78946
Nc=Np_0.5,0.0,0,0.797116
Nc=Np_0.5,0.0,0,0.786532
Nc=Np_0.5,0.0,0,0.778172
Nc=Np_0.5,0.0,0,0.787965
Nc=Np_0.5,0.0,0,0.793809
Nc=Np_0.5,0.0,0,0.784385
Nc=Np_0.5,0.0,0,0.804624
Nc=Np_0.5,0.0,0,0.772307
Nc=Np_0.5,0.0,0,0.787089
Nc=Np_0.5,0.0,0,0.7924
Nc=Np_0.5,0.0,0,0.78443
Nc=Np_0.5,0.0,0,0.788118
Nc=Np_0.5,0.0,0,0.805347
Nc=Np_0.5,0.0,0,0.797669
Nc=Np_0.5,0.0,0,0.765747
Nc=Np_0.5,0.0,0,0.806538
Nc=Np_0.5,0.0,0,0.802635
Nc=Np_0.5,0.0,0,0.784727
Nc=Np_0.5,0.0,0,0.785043
Nc=Np_0.5,0.0,0,0.787014
Nc=Np_0.5,0.0,0,0.799714
Nc=Np_0.5,0.0,0,0.793479
Nc=Np_0.5,0.0,0,0.791133
Nc=Np_0.5,0.0,0,0.785015
Nc=Np_0.5,0.0,0,0.793131
Nc=Np_0.5,0.0,0,0.784135
Nc=Np_0.5,0.0,0,0.787508
Nc=Np_0.5,0.0,0,0.780686
Nc=Np_0.5,0.0,0,0.800295
Nc=Np_0.5,0.0,0,0.787874
Nc=Np_0.5,0.0,0,0.795484
Nc=Np_0.5,0.0,0,0.783722
Nc=Np_0.5,0.0,0,0.785858
Nc=Np_0.5,0.0,0,0.799651
Nc=Np_0.5,0.0,0,0.789145
Nc=Np_0.5,0.0,0,0.795082
Nc=Np_0.5,0.0,0,0.796391
Nc=Np_0.5,0.0,0,0.774035
Nc=Np_0.5,0.0,0,0.799844
Nc=Np_0.5,0.0,0,0.795626
Nc=Np_0.5,0.0,0,0.789812
Nc=Np_0.5,0.0,0,0.784571
Nc=Np_0.5,0.0,0,0.792419
Nc=Np_0.5,0.0,0,0.809161
Nc=Np_0.5,0.0,0,0.802624
Nc=Np_0.5,0.0,0,0.794508
Nc=Np_0.5,0.0,0,0.807293
Nc=Np_0.5,0.0,0,0.798365
Nc=Np_0.5,0.0,0,0.793755
Nc=Np_0.5,0.0,0,0.789116
Nc=Np_0.5,0.0,0,0.782362
Nc=Np_0.5,0.0,0,0.768453
Nc=Np_0.5,0.0,0,0.786651
Nc=Np_0.5,0.0,0,0.789931
Nc=Np_0.5,0.0,0,0.795749
Nc=Np_0.5,0.0,0,0.782842
Nc=Np_0.5,0.0,0,0.796163
Nc=Np_0.5,0.0,0,0.802911
Nc=Np_0.5,0.0999755859375,1638,0.767438
Nc=Np_0.5,0.0999755859375,1638,0.778912
Nc=Np_0.5,0.0999755859375,1638,0.774608
Nc=Np_0.5,0.0999755859375,1638,0.770282
Nc=Np_0.5,0.0999755859375,1638,0.75796
Nc=Np_0.5,0.0999755859375,1638,0.770675
Nc=Np_0.5,0.0999755859375,1638,0.772008
Nc=Np_0.5,0.0999755859375,1638,0.786392
Nc=Np_0.5,0.0999755859375,1638,0.76684
Nc=Np_0.5,0.0999755859375,1638,0.775057
Nc=Np_0.5,0.0999755859375,1638,0.773334
Nc=Np_0.5,0.0999755859375,1638,0.771324
Nc=Np_0.5,0.0999755859375,1638,0.765433
Nc=Np_0.5,0.0999755859375,1638,0.760841
Nc=Np_0.5,0.0999755859375,1638,0.749205
Nc=Np_0.5,0.0999755859375,1638,0.755975
Nc=Np_0.5,0.0999755859375,1638,0.789019
Nc=Np_0.5,0.0999755859375,1638,0.755413
Nc=Np_0.5,0.0999755859375,1638,0.78838
Nc=Np_0.5,0.0999755859375,1638,0.792909
Nc=Np_0.5,0.0999755859375,1638,0.784435
Nc=Np_0.5,0.0999755859375,1638,0.761493
Nc=Np_0.5,0.0999755859375,1638,0.75958
Nc=Np_0.5,0.0999755859375,1638,0.788946
Nc=Np_0.5,0.0999755859375,1638,0.735242
Nc=Np_0.5,0.0999755859375,1638,0.747155
Nc=Np_0.5,0.0999755859375,1638,0.752309
Nc=Np_0.5,0.0999755859375,1638,0.76708
Nc=Np_0.5,0.0999755859375,1638,0.770908
Nc=Np_0.5,0.0999755859375,1638,0.739029
Nc=Np_0.5,0.0999755859375,1638,0.780215
Nc=Np_0.5,0.0999755859375,1638,0.775
Nc=Np_0.5,0.0999755859375,1638,0.787406
Nc=Np_0.5,0.0999755859375,1638,0.742774
Nc=Np_0.5,0.0999755859375,1638,0.758948
Nc=Np_0.5,0.0999755859375,1638,0.75569
Nc=Np_0.5,0.0999755859375,1638,0.749597
Nc=Np_0.5,0.0999755859375,1638,0.785621
Nc=Np_0.5,0.0999755859375,1638,0.77145
Nc=Np_0.5,0.0999755859375,1638,0.776149
Nc=Np_0.5,0.0999755859375,1638,0.75842
Nc=Np_0.5,0.0999755859375,1638,0.753915
Nc=Np_0.5,0.0999755859375,1638,0.77386
Nc=Np_0.5,0.0999755859375,1638,0.775579
Nc=Np_0.5,0.0999755859375,1638,0.770783
Nc=Np_0.5,0.0999755859375,1638,0.759059
Nc=Np_0.5,0.0999755859375,1638,0.795481
Nc=Np_0.5,0.0999755859375,1638,0.7587
Nc=Np_0.5,0.0999755859375,1638,0.769361
Nc=Np_0.5,0.0999755859375,1638,0.763164
Nc=Np_0.5,0.0999755859375,1638,0.775417
Nc=Np_0.5,0.0999755859375,1638,0.768521
Nc=Np_0.5,0.0999755859375,1638,0.771365
Nc=Np_0.5,0.0999755859375,1638,0.78431
Nc=Np_0.5,0.0999755859375,1638,0.761052
Nc=Np_0.5,0.0999755859375,1638,0.749499
Nc=Np_0.5,0.0999755859375,1638,0.771448
Nc=Np_0.5,0.0999755859375,1638,0.789769
Nc=Np_0.5,0.0999755859375,1638,0.776399
Nc=Np_0.5,0.0999755859375,1638,0.767465
Nc=Np_0.5,0.0999755859375,1638,0.748504
Nc=Np_0.5,0.0999755859375,1638,0.779415
Nc=Np_0.5,0.0999755859375,1638,0.777007
Nc=Np_0.5,0.0999755859375,1638,0.760378
Nc=Np_0.5,0.0999755859375,1638,0.760535
Nc=Np_0.5,0.0999755859375,1638,0.790727
Nc=Np_0.5,0.0999755859375,1638,0.763492
Nc=Np_0.5,0.0999755859375,1638,0.757081
Nc=Np_0.5,0.0999755859375,1638,0.764221
Nc=Np_0.5,0.0999755859375,1638,0.760728
Nc=Np_0.5,0.0999755859375,1638,0.776291
Nc=Np_0.5,0.0999755859375,1638,0.758646
Nc=Np_0.5,0.0999755859375,1638,0.768317
Nc=Np_0.5,0.0999755859375,1638,0.781455
Nc=Np_0.5,0.0999755859375,1638,0.772656
Nc=Np_0.5,0.0999755859375,1638,0.772477
Nc=Np_0.5,0.0999755859375,1638,0.757303
Nc=Np_0.5,0.0999755859375,1638,0.762773
Nc=Np_0.5,0.0999755859375,1638,0.770081
Nc=Np_0.5,0.0999755859375,1638,0.782511
Nc=Np_0.5,0.0999755859375,1638,0.752633
Nc=Np_0.5,0.0999755859375,1638,0.7465
Nc=Np_0.5,0.0999755859375,1638,0.767555
Nc=Np_0.5,0.0999755859375,1638,0.759643
Nc=Np_0.5,0.0999755859375,1638,0.77995
Nc=Np_0.5,0.0999755859375,1638,0.765166
Nc=Np_0.5,0.0999755859375,1638,0.777187
Nc=Np_0.5,0.0999755859375,1638,0.764365
Nc=Np_0.5,0.0999755859375,1638,0.762881
Nc=Np_0.5,0.0999755859375,1638,0.763601
Nc=Np_0.5,0.0999755859375,1638,0.781994
Nc=Np_0.5,0.0999755859375,1638,0.78817
Nc=Np_0.5,0.0999755859375,1638,0.779437
Nc=Np_0.5,0.0999755859375,1638,0.766625
Nc=Np_0.5,0.0999755859375,1638,0.770977
Nc=Np_0.5,0.0999755859375,1638,0.777328
Nc=Np_0.5,0.0999755859375,1638,0.774759
Nc=Np_0.5,0.0999755859375,1638,0.764115
Nc=Np_0.5,0.0999755859375,1638,0.760384
Nc=Np_0.5,0.0999755859375,1638,0.783725
Nc=Np_0.5,0.199951171875,3276,0.726931
Nc=Np_0.5,0.199951171875,3276,0.734942
Nc=Np_0.5,0.199951171875,3276,0.736888
Nc=Np_0.5,0.199951171875,3276,0.725648
Nc=Np_0.5,0.199951171875,3276,0.752756
Nc=Np_0.5,0.199951171875,3276,0.734609
Nc=Np_0.5,0.199951171875,3276,0.735647
Nc=Np_0.5,0.199951171875,3276,0.74764
Nc=Np_0.5,0.199951171875,3276,0.734146
Nc=Np_0.5,0.199951171875,3276,0.748685
Nc=Np_0.5,0.199951171875,3276,0.734532
Nc=Np_0.5,0.199951171875,3276,0.736343
Nc=Np_0.5,0.199951171875,3276,0.716295
Nc=Np_0.5,0.199951171875,3276,0.737706
Nc=Np_0.5,0.199951171875,3276,0.745836
Nc=Np_0.5,0.199951171875,3276,0.730104
Nc=Np_0.5,0.199951171875,3276,0.725365
Nc=Np_0.5,0.199951171875,3276,0.721618
Nc=Np_0.5,0.199951171875,3276,0.744926
Nc=Np_0.5,0.199951171875,3276,0.737776
Nc=Np_0.5,0.199951171875,3276,0.741588
Nc=Np_0.5,0.199951171875,3276,0.730399
Nc=Np_0.5,0.199951171875,3276,0.75201
Nc=Np_0.5,0.199951171875,3276,0.761408
Nc=Np_0.5,0.199951171875,3276,0.747153
Nc=Np_0.5,0.199951171875,3276,0.745964
Nc=Np_0.5,0.199951171875,3276,0.731221
Nc=Np_0.5,0.199951171875,3276,0.753619
Nc=Np_0.5,0.199951171875,3276,0.757093
Nc=Np_0.5,0.199951171875,3276,0.753975
Nc=Np_0.5,0.199951171875,3276,0.729893
Nc=Np_0.5,0.199951171875,3276,0.739055
Nc=Np_0.5,0.199951171875,3276,0.76274
Nc=Np_0.5,0.199951171875,3276,0.733016
Nc=Np_0.5,0.199951171875,3276,0.718286
Nc=Np_0.5,0.199951171875,3276,0.773055
Nc=Np_0.5,0.199951171875,3276,0.767612
Nc=Np_0.5,0.199951171875,3276,0.749989
Nc=Np_0.5,0.199951171875,3276,0.727622
Nc=Np_0.5,0.199951171875,3276,0.754933
Nc=Np_0.5,0.199951171875,3276,0.734533
Nc=Np_0.5,0.199951171875,3276,0.726703
Nc=Np_0.5,0.199951171875,3276,0.72501
Nc=Np_0.5,0.199951171875,3276,0.738975
Nc=Np_0.5,0.199951171875,3276,0.706961
Nc=Np_0.5,0.199951171875,3276,0.740629
Nc=Np_0.5,0.199951171875,3276,0.730967
Nc=Np_0.5,0.199951171875,3276,0.729927
Nc=Np_0.5,0.199951171875,3276,0.742089
Nc=Np_0.5,0.199951171875,3276,0.729925
Nc=Np_0.5,0.199951171875,3276,0.740774
Nc=Np_0.5,0.199951171875,3276,0.734444
Nc=Np_0.5,0.199951171875,3276,0.732406
Nc=Np_0.5,0.199951171875,3276,0.751662
Nc=Np_0.5,0.199951171875,3276,0.74435
Nc=Np_0.5,0.199951171875,3276,0.739664
Nc=Np_0.5,0.199951171875,3276,0.743661
Nc=Np_0.5,0.199951171875,3276,0.750904
Nc=Np_0.5,0.199951171875,3276,0.730579
Nc=Np_0.5,0.199951171875,3276,0.72527
Nc=Np_0.5,0.199951171875,3276,0.720694
Nc=Np_0.5,0.199951171875,3276,0.743397
Nc=Np_0.5,0.199951171875,3276,0.728536
Nc=Np_0.5,0.199951171875,3276,0.748166
Nc=Np_0.5,0.199951171875,3276,0.734715
Nc=Np_0.5,0.199951171875,3276,0.726675
Nc=Np_0.5,0.199951171875,3276,0.748375
Nc=Np_0.5,0.199951171875,3276,0.744275
Nc=Np_0.5,0.199951171875,3276,0.736277
Nc=Np_0.5,0.199951171875,3276,0.745099
Nc=Np_0.5,0.199951171875,3276,0.743855
Nc=Np_0.5,0.199951171875,3276,0.715103
Nc=Np_0.5,0.199951171875,3276,0.743819
Nc=Np_0.5,0.199951171875,3276,0.747273
Nc=Np_0.5,0.199951171875,3276,0.720578
Nc=Np_0.5,0.199951171875,3276,0.745486
Nc=Np_0.5,0.199951171875,3276,0.71526
Nc=Np_0.5,0.199951171875,3276,0.738262
Nc=Np_0.5,0.199951171875,3276,0.734493
Nc=Np_0.5,0.199951171875,3276,0.724956
Nc=Np_0.5,0.199951171875,3276,0.731553
Nc=Np_0.5,0.199951171875,3276,0.731673
Nc=Np_0.5,0.199951171875,3276,0.7234
Nc=Np_0.5,0.199951171875,3276,0.713669
Nc=Np_0.5,0.199951171875,3276,0.739217
Nc=Np_0.5,0.199951171875,3276,0.750856
Nc=Np_0.5,0.199951171875,3276,0.732832
Nc=Np_0.5,0.199951171875,3276,0.731088
Nc=Np_0.5,0.199951171875,3276,0.736999
Nc=Np_0.5,0.199951171875,3276,0.731641
Nc=Np_0.5,0.199951171875,3276,0.739808
Nc=Np_0.5,0.199951171875,3276,0.755914
Nc=Np_0.5,0.199951171875,3276,0.724134
Nc=Np_0.5,0.199951171875,3276,0.733674
Nc=Np_0.5,0.199951171875,3276,0.763562
Nc=Np_0.5,0.199951171875,3276,0.736382
Nc=Np_0.5,0.199951171875,3276,0.748215
Nc=Np_0.5,0.199951171875,3276,0.725646
Nc=Np_0.5,0.199951171875,3276,0.730179
Nc=Np_0.5,0.199951171875,3276,0.746393
Nc=Np_0.5,0.29998779296875,4915,0.686622
Nc=Np_0.5,0.29998779296875,4915,0.669286
Nc=Np_0.5,0.29998779296875,4915,0.696429
Nc=Np_0.5,0.29998779296875,4915,0.684548
Nc=Np_0.5,0.29998779296875,4915,0.696752
Nc=Np_0.5,0.29998779296875,4915,0.686669
Nc=Np_0.5,0.29998779296875,4915,0.675771
Nc=Np_0.5,0.29998779296875,4915,0.682166
Nc=Np_0.5,0.29998779296875,4915,0.674805
Nc=Np_0.5,0.29998779296875,4915,0.684957
Nc=Np_0.5,0.29998779296875,4915,0.679403
Nc=Np_0.5,0.29998779296875,4915,0.676127
Nc=Np_0.5,0.29998779296875,4915,0.664578
Nc=Np_0.5,0.29998779296875,4915,0.701739
Nc=Np_0.5,0.29998779296875,4915,0.667065
Nc=Np_0.5,0.29998779296875,4915,0.693191
Nc=Np_0.5,0.29998779296875,4915,0.692454
Nc=Np_0.5,0.29998779296875,4915,0.663424
Nc=Np_0.5,0.29998779296875,4915,0.674422
Nc=Np_0.5,0.29998779296875,4915,0.665694
Nc=Np_0.5,0.29998779296875,4915,0.674726
Nc=Np_0.5,0.29998779296875,4915,0.691196
Nc=Np_0.5,0.29998779296875,4915,0.70925
Nc=Np_0.5,0.29998779296875,4915,0.689081
Nc=Np_0.5,0.29998779296875,4915,0.665518
Nc=Np_0.5,0.29998779296875,4915,0.683118
Nc=Np_0.5,0.29998779296875,4915,0.676933
Nc=Np_0.5,0.29998779296875,4915,0.661993
Nc=Np_0.5,0.29998779296875,4915,0.674171
Nc=Np_0.5,0.29998779296875,4915,0.675203
Nc=Np_0.5,0.29998779296875,4915,0.685902
Nc=Np_0.5,0.29998779296875,4915,0.679293
Nc=Np_0.5,0.29998779296875,4915,0.671748
Nc=Np_0.5,0.29998779296875,4915,0.707394
Nc=Np_0.5,0.29998779296875,4915,0.695839
Nc=Np_0.5,0.29998779296875,4915,0.681334
Nc=Np_0.5,0.29998779296875,4915,0.664218
Nc=Np_0.5,0.29998779296875,4915,0.700344
Nc=Np_0.5,0.29998779296875,4915,0.685891
Nc=Np_0.5,0.29998779296875,4915,0.664218
Nc=Np_0.5,0.29998779296875,4915,0.70511
Nc=Np_0.5,0.29998779296875,4915,0.676225
Nc=Np_0.5,0.29998779296875,4915,0.694991
Nc=Np_0.5,0.29998779296875,4915,0.667035
Nc=Np_0.5,0.29998779296875,4915,0.674501
Nc=Np_0.5,0.29998779296875,4915,0.673102
Nc=Np_0.5,0.29998779296875,4915,0.702981
Nc=Np_0.5,0.29998779296875,4915,0.68521
Nc=Np_0.5,0.29998779296875,4915,0.679362
Nc=Np_0.5,0.29998779296875,4915,0.668804
Nc=Np_0.5,0.29998779296875,4915,0.677026
Nc=Np_0.5,0.29998779296875,4915,0.679486
Nc=Np_0.5,0.29998779296875,4915,0.688008
Nc=Np_0.5,0.29998779296875,4915,0.684575
Nc=Np_0.5,0.29998779296875,4915,0.675215
Nc=Np_0.5,0.29998779296875,4915,0.674566
Nc=Np_0.5,0.29998779296875,4915,0.671254
Nc=Np_0.5,0.29998779296875,4915,0.693732
Nc=Np_0.5,0.29998779296875,4915,0.673636
Nc=Np_0.5,0.29998779296875,4915,0.685603
Nc=Np_0.5,0.29998779296875,4915,0.676656
Nc=Np_0.5,0.29998779296875,4915,0.716739
Nc=Np_0.5,0.29998779296875,4915,0.68129
Nc=Np_0.5,0.29998779296875,4915,0.68726
Nc=Np_0.5,0.29998779296875,4915,0.655139
Nc=Np_0.5,0.29998779296875,4915,0.649706
Nc=Np_0.5,0.29998779296875,4915,0.68884
Nc=Np_0.5,0.29998779296875,4915,0.679958
Nc=Np_0.5,0.29998779296875,4915,0.681702
Nc=Np_0.5,0.29998779296875,4915,0.696764
Nc=Np_0.5,0.29998779296875,4915,0.692624
Nc=Np_0.5,0.29998779296875,4915,0.677979
Nc=Np_0.5,0.29998779296875,4915,0.683624
Nc=Np_0.5,0.29998779296875,4915,0.695276
Nc=Np_0.5,0.29998779296875,4915,0.663041
Nc=Np_0.5,0.29998779296875,4915,0.685742
Nc=Np_0.5,0.29998779296875,4915,0.67839
Nc=Np_0.5,0.29998779296875,4915,0.686152
Nc=Np_0.5,0.29998779296875,4915,0.690762
Nc=Np_0.5,0.29998779296875,4915,0.690257
Nc=Np_0.5,0.29998779296875,4915,0.659487
Nc=Np_0.5,0.29998779296875,4915,0.680084
Nc=Np_0.5,0.29998779296875,4915,0.673214
Nc=Np_0.5,0.29998779296875,4915,0.681711
Nc=Np_0.5,0.29998779296875,4915,0.703269
Nc=Np_0.5,0.29998779296875,4915,0.678163
Nc=Np_0.5,0.29998779296875,4915,0.68218
Nc=Np_0.5,0.29998779296875,4915,0.699651
Nc=Np_0.5,0.29998779296875,4915,0.675
Nc=Np_0.5,0.29998779296875,4915,0.666555
Nc=Np_0.5,0.29998779296875,4915,0.674437
Nc=Np_0.5,0.29998779296875,4915,0.66131
Nc=Np_0.5,0.29998779296875,4915,0.677523
Nc=Np_0.5,0.29998779296875,4915,0.64529
Nc=Np_0.5,0.29998779296875,4915,0.675375
Nc=Np_0.5,0.29998779296875,4915,0.678535
Nc=Np_0.5,0.29998779296875,4915,0.690514
Nc=Np_0.5,0.29998779296875,4915,0.689502
Nc=Np_0.5,0.29998779296875,4915,0.695787
Nc=Np_0.5,0.29998779296875,4915,0.704091
Nc=Np_0.5,0.39996337890625,6553,0.620995
Nc=Np_0.5,0.39996337890625,6553,0.64279
Nc=Np_0.5,0.39996337890625,6553,0.610115
Nc=Np_0.5,0.39996337890625,6553,0.607655
Nc=Np_0.5,0.39996337890625,6553,0.603248
Nc=Np_0.5,0.39996337890625,6553,0.621805
Nc=Np_0.5,0.39996337890625,6553,0.603932
Nc=Np_0.5,0.39996337890625,6553,0.609792
Nc=Np_0.5,0.39996337890625,6553,0.610756
Nc=Np_0.5,0.39996337890625,6553,0.604672
Nc=Np_0.5,0.39996337890625,6553,0.604436
Nc=Np_0.5,0.39996337890625,6553,0.571319
Nc=Np_0.5,0.39996337890625,6553,0.609719
Nc=Np_0.5,0.39996337890625,6553,0.622536
Nc=Np_0.5,0.39996337890625,6553,0.584633
Nc=Np_0.5,0.39996337890625,6553,0.591914
Nc=Np_0.5,0.39996337890625,6553,0.592353
Nc=Np_0.5,0.39996337890625,6553,0.581695
Nc=Np_0.5,0.39996337890625,6553,0.60649
Nc=Np_0.5,0.39996337890625,6553,0.600593
Nc=Np_0.5,0.39996337890625,6553,0.571823
Nc=Np_0.5,0.39996337890625,6553,0.598744
Nc=Np_0.5,0.39996337890625,6553,0.604052
Nc=Np_0.5,0.39996337890625,6553,0.612282
Nc=Np_0.5,0.39996337890625,6553,0.585426
Nc=Np_0.5,0.39996337890625,6553,0.609054
Nc=Np_0.5,0.39996337890625,6553,0.60205
Nc=Np_0.5,0.39996337890625,6553,0.600776
Nc=Np_0.5,0.39996337890625,6553,0.597518
Nc=Np_0.5,0.39996337890625,6553,0.618407
Nc=Np_0.5,0.39996337890625,6553,0.600086
Nc=Np_0.5,0.39996337890625,6553,0.587866
Nc=Np_0.5,0.39996337890625,6553,0.592228
Nc=Np_0.5,0.39996337890625,6553,0.616981
Nc=Np_0.5,0.39996337890625,6553,0.632637
Nc=Np_0.5,0.39996337890625,6553,0.606612
Nc=Np_0.5,0.39996337890625,6553,0.599287
Nc=Np_0.5,0.39996337890625,6553,0.60267
Nc=Np_0.5,0.39996337890625,6553,0.60771
Nc=Np_0.5,0.39996337890625,6553,0.600857
Nc=Np_0.5,0.39996337890625,6553,0.625584
Nc=Np_0.5,0.39996337890625,6553,0.628027
Nc=Np_0.5,0.39996337890625,6553,0.595878
Nc=Np_0.5,0.39996337890625,6553,0.617734
Nc=Np_0.5,0.39996337890625,6553,0.608309
Nc=Np_0.5,0.39996337890625,6553,0.619036
Nc=Np_0.5,0.39996337890625,6553,0.600341
Nc=Np_0.5,0.39996337890625,6553,0.637886
Nc=Np_0.5,0.39996337890625,6553,0.589979
Nc=Np_0.5,0.39996337890625,6553,0.60951
Nc=Np_0.5,0.39996337890625,6553,0.601812
Nc=Np_0.5,0.39996337890625,6553,0.605254
Nc=Np_0.5,0.39996337890625,6553,0.606655
Nc=Np_0.5,0.39996337890625,6553,0.635673
Nc=Np_0.5,0.39996337890625,6553,0.621262
Nc=Np_0.5,0.39996337890625,6553,0.624818
Nc=Np_0.5,0.39996337890625,6553,0.619708
Nc=Np_0.5,0.39996337890625,6553,0.596522
Nc=Np_0.5,0.39996337890625,6553,0.599735
Nc=Np_0.5,0.39996337890625,6553,0.60797
Nc=Np_0.5,0.39996337890625,6553,0.605826
Nc=Np_0.5,0.39996337890625,6553,0.585178
Nc=Np_0.5,0.39996337890625,6553,0.602441
Nc=Np_0.5,0.39996337890625,6553,0.629641
Nc=Np_0.5,0.39996337890625,6553,0.624694
Nc=Np_0.5,0.39996337890625,6553,0.606378
Nc=Np_0.5,0.39996337890625,6553,0.592067
Nc=Np_0.5,0.39996337890625,6553,0.596396
Nc=Np_0.5,0.39996337890625,6553,0.618376
Nc=Np_0.5,0.39996337890625,6553,0.591084
Nc=Np_0.5,0.39996337890625,6553,0.606095
Nc=Np_0.5,0.39996337890625,6553,0.602749
Nc=Np_0.5,0.39996337890625,6553,0.604017
Nc=Np_0.5,0.39996337890625,6553,0.581556
Nc=Np_0.5,0.39996337890625,6553,0.595376
Nc=Np_0.5,0.39996337890625,6553,0.600949
Nc=Np_0.5,0.39996337890625,6553,0.589826
Nc=Np_0.5,0.39996337890625,6553,0.608725
Nc=Np_0.5,0.39996337890625,6553,0.591604
Nc=Np_0.5,0.39996337890625,6553,0.622175
Nc=Np_0.5,0.39996337890625,6553,0.605248
Nc=Np_0.5,0.39996337890625,6553,0.603804
Nc=Np_0.5,0.39996337890625,6553,0.5704
Nc=Np_0.5,0.39996337890625,6553,0.583045
Nc=Np_0.5,0.39996337890625,6553,0.589597
Nc=Np_0.5,0.39996337890625,6553,0.602343
Nc=Np_0.5,0.39996337890625,6553,0.599867
Nc=Np_0.5,0.39996337890625,6553,0.581103
Nc=Np_0.5,0.39996337890625,6553,0.604573
Nc=Np_0.5,0.39996337890625,6553,0.599602
Nc=Np_0.5,0.39996337890625,6553,0.604435
Nc=Np_0.5,0.39996337890625,6553,0.599031
Nc=Np_0.5,0.39996337890625,6553,0.619379
Nc=Np_0.5,0.39996337890625,6553,0.579313
Nc=Np_0.5,0.39996337890625,6553,0.597193
Nc=Np_0.5,0.39996337890625,6553,0.58146
Nc=Np_0.5,0.39996337890625,6553,0.58746
Nc=Np_0.5,0.39996337890625,6553,0.60651
Nc=Np_0.5,0.39996337890625,6553,0.598901
Nc=Np_0.5,0.39996337890625,6553,0.590839
Nc=Np_0.5,0.5,8192,0.494966
Nc=Np_0.5,0.5,8192,0.50434
Nc=Np_0.5,0.5,8192,0.453009
Nc=Np_0.5,0.5,8192,0.49992
Nc=Np_0.5,0.5,8192,0.447653
Nc=Np_0.5,0.5,8192,0.453177
Nc=Np_0.5,0.5,8192,0.488802
Nc=Np_0.5,0.5,8192,0.526307
Nc=Np_0.5,0.5,8192,0.502378
Nc=Np_0.5,0.5,8192,0.498427
Nc=Np_0.5,0.5,8192,0.494186
Nc=Np_0.5,0.5,8192,0.515859
Nc=Np_0.5,0.5,8192,0.488184
Nc=Np_0.5,0.5,8192,0.490046
Nc=Np_0.5,0.5,8192,0.51374
Nc=Np_0.5,0.5,8192,0.471406
Nc=Np_0.5,0.5,8192,0.507618
Nc=Np_0.5,0.5,8192,0.535967
Nc=Np_0.5,0.5,8192,0.478588
Nc=Np_0.5,0.5,8192,0.479023
Nc=Np_0.5,0.5,8192,0.507091
Nc=Np_0.5,0.5,8192,0.492358
Nc=Np_0.5,0.5,8192,0.486857
Nc=Np_0.5,0.5,8192,0.49118
Nc=Np_0.5,0.5,8192,0.452244
Nc=Np_0.5,0.5,8192,0.471393
Nc=Np_0.5,0.5,8192,0.482064
Nc=Np_0.5,0.5,8192,0.539567
Nc=Np_0.5,0.5,8192,0.503502
Nc=Np_0.5,0.5,8192,0.479073
Nc=Np_0.5,0.5,8192,0.467941
Nc=Np_0.5,0.5,8192,0.485751
Nc=Np_0.5,0.5,8192,0.499309
Nc=Np_0.5,0.5,8192,0.5156
Nc=Np_0.5,0.5,8192,0.467318
Nc=Np_0.5,0.5,8192,0.460827
Nc=Np_0.5,0.5,8192,0.501269
Nc=Np_0.5,0.5,8192,0.490184
Nc=Np_0.5,0.5,8192,0.46972
Nc=Np_0.5,0.5,8192,0.571514
Nc=Np_0.5,0.5,8192,0.502681
Nc=Np_0.5,0.5,8192,0.464756
Nc=Np_0.5,0.5,8192,0.474823
Nc=Np_0.5,0.5,8192,0.490318
Nc=Np_0.5,0.5,8192,0.488315
Nc=Np_0.5,0.5,8192,0.507548
Nc=Np_0.5,0.5,8192,0.538941
Nc=Np_0.5,0.5,8192,0.510264
Nc=Np_0.5,0.5,8192,0.524987
Nc=Np_0.5,0.5,8192,0.507485
Nc=Np_0.5,0.5,8192,0.517161
Nc=Np_0.5,0.5,8192,0.519853
Nc=Np_0.5,0.5,8192,0.492679
Nc=Np_0.5,0.5,8192,0.537755
Nc=Np_0.5,0.5,8192,0.476401
Nc=Np_0.5,0.5,8192,0.510699
Nc=Np_0.5,0.5,8192,0.483034
Nc=Np_0.5,0.5,8192,0.481732
Nc=Np_0.5,0.5,8192,0.469655
Nc=Np_0.5,0.5,8192,0.503669
Nc=Np_0.5,0.5,8192,0.51441
Nc=Np_0.5,0.5,8192,0.509435
Nc=Np_0.5,0.5,8192,0.518434
Nc=Np_0.5,0.5,8192,0.483918
Nc=Np_0.5,0.5,8192,0.461686
Nc=Np_0.5,0.5,8192,0.504142
Nc=Np_0.5,0.5,8192,0.495018
Nc=Np_0.5,0.5,8192,0.507561
Nc=Np_0.5,0.5,8192,0.502529
Nc=Np_0.5,0.5,8192,0.509944
Nc=Np_0.5,0.5,8192,0.476427
Nc=Np_0.5,0.5,8192,0.496364
Nc=Np_0.5,0.5,8192,0.509221
Nc=Np_0.5,0.5,8192,0.502975
Nc=Np_0.5,0.5,8192,0.493067
Nc=Np_0.5,0.5,8192,0.517784
Nc=Np_0.5,0.5,8192,0.492408
Nc=Np_0.5,0.5,8192,0.482582
Nc=Np_0.5,0.5,8192,0.496896
Nc=Np_0.5,0.5,8192,0.470717
Nc=Np_0.5,0.5,8192,0.491193
Nc=Np_0.5,0.5,8192,0.501654
Nc=Np_0.5,0.5,8192,0.547015
Nc=Np_0.5,0.5,8192,0.502508
Nc=Np_0.5,0.5,8192,0.514892
Nc=Np_0.5,0.5,8192,0.497497
Nc=Np_0.5,0.5,8192,0.518332
Nc=Np_0.5,0.5,8192,0.493972
Nc=Np_0.5,0.5,8192,0.490217
Nc=Np_0.5,0.5,8192,0.478623
Nc=Np_0.5,0.5,8192,0.510894
Nc=Np_0.5,0.5,8192,0.477648
Nc=Np_0.5,0.5,8192,0.495911
Nc=Np_0.5,0.5,8192,0.535674
Nc=Np_0.5,0.5,8192,0.504047
Nc=Np_0.5,0.5,8192,0.537922
Nc=Np_0.5,0.5,8192,0.471332
Nc=Np_0.5,0.5,8192,0.463443
Nc=Np_0.5,0.5,8192,0.459779
Nc=Np_0.5,0.5,8192,0.4894
Nc=Np_0.5,0.5999755859375,9830,0.3609
Nc=Np_0.5,0.5999755859375,9830,0.379824
Nc=Np_0.5,0.5999755859375,9830,0.350774
Nc=Np_0.5,0.5999755859375,9830,0.333367
Nc=Np_0.5,0.5999755859375,9830,0.392508
Nc=Np_0.5,0.5999755859375,9830,0.339542
Nc=Np_0.5,0.5999755859375,9830,0.341742
Nc=Np_0.5,0.5999755859375,9830,0.348668
Nc=Np_0.5,0.5999755859375,9830,0.341183
Nc=Np_0.5,0.5999755859375,9830,0.359698
Nc=Np_0.5,0.5999755859375,9830,0.384992
Nc=Np_0.5,0.5999755859375,9830,0.349179
Nc=Np_0.5,0.5999755859375,9830,0.335754
Nc=Np_0.5,0.5999755859375,9830,0.335164
Nc=Np_0.5,0.5999755859375,9830,0.362468
Nc=Np_0.5,0.5999755859375,9830,0.3779
Nc=Np_0.5,0.5999755859375,9830,0.357403
Nc=Np_0.5,0.5999755859375,9830,0.383167
Nc=Np_0.5,0.5999755859375,9830,0.361895
Nc=Np_0.5,0.5999755859375,9830,0.330524
Nc=Np_0.5,0.5999755859375,9830,0.354456
Nc=Np_0.5,0.5999755859375,9830,0.3815
Nc=Np_0.5,0.5999755859375,9830,0.349189
Nc=Np_0.5,0.5999755859375,9830,0.411571
Nc=Np_0.5,0.5999755859375,9830,0.37594
Nc=Np_0.5,0.5999755859375,9830,0.413714
Nc=Np_0.5,0.5999755859375,9830,0.378744
Nc=Np_0.5,0.5999755859375,9830,0.325459
Nc=Np_0.5,0.5999755859375,9830,0.362742
Nc=Np_0.5,0.5999755859375,9830,0.385571
Nc=Np_0.5,0.5999755859375,9830,0.343709
Nc=Np_0.5,0.5999755859375,9830,0.353027
Nc=Np_0.5,0.5999755859375,9830,0.378851
Nc=Np_0.5,0.5999755859375,9830,0.35792
Nc=Np_0.5,0.5999755859375,9830,0.369398
Nc=Np_0.5,0.5999755859375,9830,0.38252
Nc=Np_0.5,0.5999755859375,9830,0.352592
Nc=Np_0.5,0.5999755859375,9830,0.381669
Nc=Np_0.5,0.5999755859375,9830,0.349969
Nc=Np_0.5,0.5999755859375,9830,0.367558
Nc=Np_0.5,0.5999755859375,9830,0.408106
Nc=Np_0.5,0.5999755859375,9830,0.34246
Nc=Np_0.5,0.5999755859375,9830,0.315004
Nc=Np_0.5,0.5999755859375,9830,0.321452
Nc=Np_0.5,0.5999755859375,9830,0.363853
Nc=Np_0.5,0.5999755859375,9830,0.363769
Nc=Np_0.5,0.5999755859375,9830,0.356568
Nc=Np_0.5,0.5999755859375,9830,0.369653
Nc=Np_0.5,0.5999755859375,9830,0.333378
Nc=Np_0.5,0.5999755859375,9830,0.327442
Nc=Np_0.5,0.5999755859375,9830,0.414089
Nc=Np_0.5,0.5999755859375,9830,0.326062
Nc=Np_0.5,0.5999755859375,9830,0.362492
Nc=Np_0.5,0.5999755859375,9830,0.344387
Nc=Np_0.5,0.5999755859375,9830,0.393338
Nc=Np_0.5,0.5999755859375,9830,0.337288
Nc=Np_0.5,0.5999755859375,9830,0.363015
Nc=Np_0.5,0.5999755859375,9830,0.343731
Nc=Np_0.5,0.5999755859375,9830,0.359492
Nc=Np_0.5,0.5999755859375,9830,0.293778
Nc=Np_0.5,0.5999755859375,9830,0.386243
Nc=Np_0.5,0.5999755859375,9830,0.316409
Nc=Np_0.5,0.5999755859375,9830,0.382815
Nc=Np_0.5,0.5999755859375,9830,0.316452
Nc=Np_0.5,0.5999755859375,9830,0.374195
Nc=Np_0.5,0.5999755859375,9830,0.334641
Nc=Np_0.5,0.5999755859375,9830,0.373788
Nc=Np_0.5,0.5999755859375,9830,0.375206
Nc=Np_0.5,0.5999755859375,9830,0.360953
Nc=Np_0.5,0.5999755859375,9830,0.347885
Nc=Np_0.5,0.5999755859375,9830,0.35563
Nc=Np_0.5,0.5999755859375,9830,0.354082
Nc=Np_0.5,0.5999755859375,9830,0.378461
Nc=Np_0.5,0.5999755859375,9830,0.350724
Nc=Np_0.5,0.5999755859375,9830,0.359331
Nc=Np_0.5,0.5999755859375,9830,0.35563
Nc=Np_0.5,0.5999755859375,9830,0.338874
Nc=Np_0.5,0.5999755859375,9830,0.352022
Nc=Np_0.5,0.5999755859375,9830,0.371184
Nc=Np_0.5,0.5999755859375,9830,0.359387
Nc=Np_0.5,0.5999755859375,9830,0.37092
Nc=Np_0.5,0.5999755859375,9830,0.371452
Nc=Np_0.5,0.5999755859375,9830,0.323464
Nc=Np_0.5,0.5999755859375,9830,0.359301
Nc=Np_0.5,0.5999755859375,9830,0.352989
Nc=Np_0.5,0.5999755859375,9830,0.377173
Nc=Np_0.5,0.5999755859375,9830,0.352589
Nc=Np_0.5,0.5999755859375,9830,0.348231
Nc=Np_0.5,0.5999755859375,9830,0.329742
Nc=Np_0.5,0.5999755859375,9830,0.364837
Nc=Np_0.5,0.5999755859375,9830,0.337331
Nc=Np_0.5,0.5999755859375,9830,0.361806
Nc=Np_0.5,0.5999755859375,9830,0.369798
Nc=Np_0.5,0.5999755859375,9830,0.336582
Nc=Np_0.5,0.5999755859375,9830,0.312289
Nc=Np_0.5,0.5999755859375,9830,0.33447
Nc=Np_0.5,0.5999755859375,9830,0.379207
Nc=Np_0.5,0.5999755859375,9830,0.364216
Nc=Np_0.5,0.5999755859375,9830,0.3259
Nc=Np_0.5,0.5999755859375,9830,0.418701
Nc=Np_0.5,0.699951171875,11468,0.231883
Nc=Np_0.5,0.699951171875,11468,0.26022
Nc=Np_0.5,0.699951171875,11468,0.231001
Nc=Np_0.5,0.699951171875,11468,0.260099
Nc=Np_0.5,0.699951171875,11468,0.316933
Nc=Np_0.5,0.699951171875,11468,0.214398
Nc=Np_0.5,0.699951171875,11468,0.250237
Nc=Np_0.5,0.699951171875,11468,0.182275
Nc=Np_0.5,0.699951171875,11468,0.289395
Nc=Np_0.5,0.699951171875,11468,0.150958
Nc=Np_0.5,0.699951171875,11468,0.284362
Nc=Np_0.5,0.699951171875,11468,0.249678
Nc=Np_0.5,0.699951171875,11468,0.298149
Nc=Np_0.5,0.699951171875,11468,0.219336
Nc=Np_0.5,0.699951171875,11468,0.188102
Nc=Np_0.5,0.699951171875,11468,0.202346
Nc=Np_0.5,0.699951171875,11468,0.218715
Nc=Np_0.5,0.699951171875,11468,0.289868
Nc=Np_0.5,0.699951171875,11468,0.211457
Nc=Np_0.5,0.699951171875,11468,0.26077
Nc=Np_0.5,0.699951171875,11468,0.185178
Nc=Np_0.5,0.699951171875,11468,0.179467
Nc=Np_0.5,0.699951171875,11468,0.18467
Nc=Np_0.5,0.699951171875,11468,0.182597
Nc=Np_0.5,0.699951171875,11468,0.213809
Nc=Np_0.5,0.699951171875,11468,0.286177
Nc=Np_0.5,0.699951171875,11468,0.263301
Nc=Np_0.5,0.699951171875,11468,0.238774
Nc=Np_0.5,0.699951171875,11468,0.203641
Nc=Np_0.5,0.699951171875,11468,0.260023
Nc=Np_0.5,0.699951171875,11468,0.171613
Nc=Np_0.5,0.699951171875,11468,0.185231
Nc=Np_0.5,0.699951171875,11468,0.303636
Nc=Np_0.5,0.699951171875,11468,0.2689
Nc=Np_0.5,0.699951171875,11468,0.241504
Nc=Np_0.5,0.699951171875,11468,0.167931
Nc=Np_0.5,0.699951171875,11468,0.270939
Nc=Np_0.5,0.699951171875,11468,0.203159
Nc=Np_0.5,0.699951171875,11468,0.268174
Nc=Np_0.5,0.699951171875,11468,0.278727
Nc=Np_0.5,0.699951171875,11468,0.25408
Nc=Np_0.5,0.699951171875,11468,0.221783
Nc=Np_0.5,0.699951171875,11468,0.199558
Nc=Np_0.5,0.699951171875,11468,0.258502
Nc=Np_0.5,0.699951171875,11468,0.260291
Nc=Np_0.5,0.699951171875,11468,0.229287
Nc=Np_0.5,0.699951171875,11468,0.245167
Nc=Np_0.5,0.699951171875,11468,0.183109
Nc=Np_0.5,0.699951171875,11468,0.241433
Nc=Np_0.5,0.699951171875,11468,0.264426
Nc=Np_0.5,0.699951171875,11468,0.223083
Nc=Np_0.5,0.699951171875,11468,0.238908
Nc=Np_0.5,0.699951171875,11468,0.213625
Nc=Np_0.5,0.699951171875,11468,0.272921
Nc=Np_0.5,0.699951171875,11468,0.156188
Nc=Np_0.5,0.699951171875,11468,0.287644
Nc=Np_0.5,0.699951171875,11468,0.256842
Nc=Np_0.5,0.699951171875,11468,0.205962
Nc=Np_0.5,0.699951171875,11468,0.238332
Nc=Np_0.5,0.699951171875,11468,0.228492
Nc=Np_0.5,0.699951171875,11468,0.245106
Nc=Np_0.5,0.699951171875,11468,0.244388
Nc=Np_0.5,0.699951171875,11468,0.272259
Nc=Np_0.5,0.699951171875,11468,0.238498
Nc=Np_0.5,0.699951171875,11468,0.198341
Nc=Np_0.5,0.699951171875,11468,0.263119
Nc=Np_0.5,0.699951171875,11468,0.184013
Nc=Np_0.5,0.699951171875,11468,0.205918
Nc=Np_0.5,0.699951171875,11468,0.168092
Nc=Np_0.5,0.699951171875,11468,0.182278
Nc=Np_0.5,0.699951171875,11468,0.251957
Nc=Np_0.5,0.699951171875,11468,0.294031
Nc=Np_0.5,0.699951171875,11468,0.268787
Nc=Np_0.5,0.699951171875,11468,0.170079
Nc=Np_0.5,0.699951171875,11468,0.240805
Nc=Np_0.5,0.699951171875,11468,0.175772
Nc=Np_0.5,0.699951171875,11468,0.244135
Nc=Np_0.5,0.699951171875,11468,0.18884
Nc=Np_0.5,0.699951171875,11468,0.2365
Nc=Np_0.5,0.699951171875,11468,0.227809
Nc=Np_0.5,0.699951171875,11468,0.241632
Nc=Np_0.5,0.699951171875,11468,0.252728
Nc=Np_0.5,0.699951171875,11468,0.193583
Nc=Np_0.5,0.699951171875,11468,0.202048
Nc=Np_0.5,0.699951171875,11468,0.196754
Nc=Np_0.5,0.699951171875,11468,0.198881
Nc=Np_0.5,0.699951171875,11468,0.21167
Nc=Np_0.5,0.699951171875,11468,0.244905
Nc=Np_0.5,0.699951171875,11468,0.234542
Nc=Np_0.5,0.699951171875,11468,0.223342
Nc=Np_0.5,0.699951171875,11468,0.266545
Nc=Np_0.5,0.699951171875,11468,0.241355
Nc=Np_0.5,0.699951171875,11468,0.240657
Nc=Np_0.5,0.699951171875,11468,0.267444
Nc=Np_0.5,0.699951171875,11468,0.221829
Nc=Np_0.5,0.699951171875,11468,0.245634
Nc=Np_0.5,0.699951171875,11468,0.223476
Nc=Np_0.5,0.699951171875,11468,0.205377
Nc=Np_0.5,0.699951171875,11468,0.163675
Nc=Np_0.5,0.699951171875,11468,0.245376
Nc=Np_0.5,0.79998779296875,13107,0.07178
Nc=Np_0.5,0.79998779296875,13107,0.122656
Nc=Np_0.5,0.79998779296875,13107,0.143486
Nc=Np_0.5,0.79998779296875,13107,0.182263
Nc=Np_0.5,0.79998779296875,13107,0.116811
Nc=Np_0.5,0.79998779296875,13107,0.209774
Nc=Np_0.5,0.79998779296875,13107,0.091063
Nc=Np_0.5,0.79998779296875,13107,0.118629
Nc=Np_0.5,0.79998779296875,13107,0.110187
Nc=Np_0.5,0.79998779296875,13107,0.213706
Nc=Np_0.5,0.79998779296875,13107,0.236648
Nc=Np_0.5,0.79998779296875,13107,0.132925
Nc=Np_0.5,0.79998779296875,13107,0.181022
Nc=Np_0.5,0.79998779296875,13107,0.178032
Nc=Np_0.5,0.79998779296875,13107,0.208106
Nc=Np_0.5,0.79998779296875,13107,0.172706
Nc=Np_0.5,0.79998779296875,13107,0.215689
Nc=Np_0.5,0.79998779296875,13107,0.113846
Nc=Np_0.5,0.79998779296875,13107,0.288495
Nc=Np_0.5,0.79998779296875,13107,0.141885
Nc=Np_0.5,0.79998779296875,13107,0.144619
Nc=Np_0.5,0.79998779296875,13107,0.064986
Nc=Np_0.5,0.79998779296875,13107,0.194907
Nc=Np_0.5,0.79998779296875,13107,0.152765
Nc=Np_0.5,0.79998779296875,13107,0.084072
Nc=Np_0.5,0.79998779296875,13107,0.12744
Nc=Np_0.5,0.79998779296875,13107,0.219775
Nc=Np_0.5,0.79998779296875,13107,0.09575
Nc=Np_0.5,0.79998779296875,13107,0.120087
Nc=Np_0.5,0.79998779296875,13107,0.164007
Nc=Np_0.5,0.79998779296875,13107,0.13814
Nc=Np_0.5,0.79998779296875,13107,0.131535
Nc=Np_0.5,0.79998779296875,13107,0.134474
Nc=Np_0.5,0.79998779296875,13107,0.218402
Nc=Np_0.5,0.79998779296875,13107,0.25469
Nc=Np_0.5,0.79998779296875,13107,0.170308
Nc=Np_0.5,0.79998779296875,13107,0.078833
Nc=Np_0.5,0.79998779296875,13107,0.154646
Nc=Np_0.5,0.79998779296875,13107,0.119866
Nc=Np_0.5,0.79998779296875,13107,0.074348
Nc=Np_0.5,0.79998779296875,13107,0.08686
Nc=Np_0.5,0.79998779296875,13107,0.135675
Nc=Np_0.5,0.79998779296875,13107,0.173671
Nc=Np_0.5,0.79998779296875,13107,0.120232
Nc=Np_0.5,0.79998779296875,13107,0.20599
Nc=Np_0.5,0.79998779296875,13107,0.160823
Nc=Np_0.5,0.79998779296875,13107,0.163462
Nc=Np_0.5,0.79998779296875,13107,0.065128
Nc=Np_0.5,0.79998779296875,13107,0.134376
Nc=Np_0.5,0.79998779296875,13107,0.136581
Nc=Np_0.5,0.79998779296875,13107,0.099683
Nc=Np_0.5,0.79998779296875,13107,0.082006
Nc=Np_0.5,0.79998779296875,13107,0.131917
Nc=Np_0.5,0.79998779296875,13107,0.115199
Nc=Np_0.5,0.79998779296875,13107,0.190001
Nc=Np_0.5,0.79998779296875,13107,0.153372
Nc=Np_0.5,0.79998779296875,13107,0.135724
Nc=Np_0.5,0.79998779296875,13107,0.147249
Nc=Np_0.5,0.79998779296875,13107,0.110851
Nc=Np_0.5,0.79998779296875,13107,0.125176
Nc=Np_0.5,0.79998779296875,13107,0.205651
Nc=Np_0.5,0.79998779296875,13107,0.159346
Nc=Np_0.5,0.79998779296875,13107,0.266061
Nc=Np_0.5,0.79998779296875,13107,0.226212
Nc=Np_0.5,0.79998779296875,13107,0.235004
Nc=Np_0.5,0.79998779296875,13107,0.270551
Nc=Np_0.5,0.79998779296875,13107,0.150569
Nc=Np_0.5,0.79998779296875,13107,0.122696
Nc=Np_0.5,0.79998779296875,13107,0.133136
Nc=Np_0.5,0.79998779296875,13107,0.148718
Nc=Np_0.5,0.79998779296875,13107,0.174972
Nc=Np_0.5,0.79998779296875,13107,0.155278
Nc=Np_0.5,0.79998779296875,13107,0.114241
Nc=Np_0.5,0.79998779296875,13107,0.110976
Nc=Np_0.5,0.79998779296875,13107,0.109155
Nc=Np_0.5,0.79998779296875,13107,0.141295
Nc=Np_0.5,0.79998779296875,13107,0.095222
Nc=Np_0.5,0.79998779296875,13107,0.207935
Nc=Np_0.5,0.79998779296875,13107,0.137123
Nc=Np_0.5,0.79998779296875,13107,0.078571
Nc=Np_0.5,0.79998779296875,13107,0.248485
Nc=Np_0.5,0.79998779296875,13107,0.061198
Nc=Np_0.5,0.79998779296875,13107,0.154292
Nc=Np_0.5,0.79998779296875,13107,0.219592
Nc=Np_0.5,0.79998779296875,13107,0.18018
Nc=Np_0.5,0.79998779296875,13107,0.112169
Nc=Np_0.5,0.79998779296875,13107,0.186863
Nc=Np_0.5,0.79998779296875,13107,0.047322
Nc=Np_0.5,0.79998779296875,13107,0.065047
Nc=Np_0.5,0.79998779296875,13107,0.191805
Nc=Np_0.5,0.79998779296875,13107,0.153038
Nc=Np_0.5,0.79998779296875,13107,0.286188
Nc=Np_0.5,0.79998779296875,13107,0.159167
Nc=Np_0.5,0.79998779296875,13107,0.164881
Nc=Np_0.5,0.79998779296875,13107,0.129148
Nc=Np_0.5,0.79998779296875,13107,0.159165
Nc=Np_0.5,0.79998779296875,13107,0.091639
Nc=Np_0.5,0.79998779296875,13107,0.22546
Nc=Np_0.5,0.79998779296875,13107,0.245448
Nc=Np_0.5,0.79998779296875,13107,0.215318
Nc=Np_0.8,0.0,0,0.7295
Nc=Np_0.8,0.0,0,0.73358
Nc=Np_0.8,0.0,0,0.717448
Nc=Np_0.8,0.0,0,0.713872
Nc=Np_0.8,0.0,0,0.723311
Nc=Np_0.8,0.0,0,0.74184
Nc=Np_0.8,0.0,0,0.716519
Nc=Np_0.8,0.0,0,0.718109
Nc=Np_0.8,0.0,0,0.73872
Nc=Np_0.8,0.0,0,0.74522
Nc=Np_0.8,0.0,0,0.730074
Nc=Np_0.8,0.0,0,0.745365
Nc=Np_0.8,0.0,0,0.747579
Nc=Np_0.8,0.0,0,0.734904
Nc=Np_0.8,0.0,0,0.726802
Nc=Np_0.8,0.0,0,0.735207
Nc=Np_0.8,0.0,0,0.720065
Nc=Np_0.8,0.0,0,0.747511
Nc=Np_0.8,0.0,0,0.722712
Nc=Np_0.8,0.0,0,0.73584
Nc=Np_0.8,0.0,0,0.75729
Nc=Np_0.8,0.0,0,0.731527
Nc=Np_0.8,0.0,0,0.73023
Nc=Np_0.8,0.0,0,0.73552
Nc=Np_0.8,0.0,0,0.735014
Nc=Np_0.8,0.0,0,0.715365
Nc=Np_0.8,0.0,0,0.746489
Nc=Np_0.8,0.0,0,0.728292
Nc=Np_0.8,0.0,0,0.725833
Nc=Np_0.8,0.0,0,0.734237
Nc=Np_0.8,0.0,0,0.731949
Nc=Np_0.8,0.0,0,0.736969
Nc=Np_0.8,0.0,0,0.74014
Nc=Np_0.8,0.0,0,0.707449
Nc=Np_0.8,0.0,0,0.757027
Nc=Np_0.8,0.0,0,0.754226
Nc=Np_0.8,0.0,0,0.745092
Nc=Np_0.8,0.0,0,0.732066
Nc=Np_0.8,0.0,0,0.740189
Nc=Np_0.8,0.0,0,0.740636
Nc=Np_0.8,0.0,0,0.714656
Nc=Np_0.8,0.0,0,0.744531
Nc=Np_0.8,0.0,0,0.734542
Nc=Np_0.8,0.0,0,0.725305
Nc=Np_0.8,0.0,0,0.716931
Nc=Np_0.8,0.0,0,0.736412
Nc=Np_0.8,0.0,0,0.721409
Nc=Np_0.8,0.0,0,0.743146
Nc=Np_0.8,0.0,0,0.749056
Nc=Np_0.8,0.0,0,0.710839
Nc=Np_0.8,0.0,0,0.740653
Nc=Np_0.8,0.0,0,0.749707
Nc=Np_0.8,0.0,0,0.753476
Nc=Np_0.8,0.0,0,0.727095
Nc=Np_0.8,0.0,0,0.73198
Nc=Np_0.8,0.0,0,0.731994
Nc=Np_0.8,0.0,0,0.757343
Nc=Np_0.8,0.0,0,0.72692
Nc=Np_0.8,0.0,0,0.751843
Nc=Np_0.8,0.0,0,0.729968
Nc=Np_0.8,0.0,0,0.74446
Nc=Np_0.8,0.0,0,0.724165
Nc=Np_0.8,0.0,0,0.722448
Nc=Np_0.8,0.0,0,0.720992
Nc=Np_0.8,0.0,0,0.7337
Nc=Np_0.8,0.0,0,0.732762
Nc=Np_0.8,0.0,0,0.712853
Nc=Np_0.8,0.0,0,0.744584
Nc=Np_0.8,0.0,0,0.743897
Nc=Np_0.8,0.0,0,0.729555
Nc=Np_0.8,0.0,0,0.722819
Nc=Np_0.8,0.0,0,0.73623
Nc=Np_0.8,0.0,0,0.749663
Nc=Np_0.8,0.0,0,0.74341
Nc=Np_0.8,0.0,0,0.720337
Nc=Np_0.8,0.0,0,0.728297
Nc=Np_0.8,0.0,0,0.74036
Nc=Np_0.8,0.0,0,0.730251
Nc=Np_0.8,0.0,0,0.706179
Nc=Np_0.8,0.0,0,0.730087
Nc=Np_0.8,0.0,0,0.738285
Nc=Np_0.8,0.0,0,0.744046
Nc=Np_0.8,0.0,0,0.73057
Nc=Np_0.8,0.0,0,0.739839
Nc=Np_0.8,0.0,0,0.73314
Nc=Np_0.8,0.0,0,0.728641
Nc=Np_0.8,0.0,0,0.725691
Nc=Np_0.8,0.0,0,0.757581
Nc=Np_0.8,0.0,0,0.714379
Nc=Np_0.8,0.0,0,0.736033
Nc=Np_0.8,0.0,0,0.731295
Nc=Np_0.8,0.0,0,0.736825
Nc=Np_0.8,0.0,0,0.763226
Nc=Np_0.8,0.0,0,0.732929
Nc=Np_0.8,0.0,0,0.742267
Nc=Np_0.8,0.0,0,0.737297
Nc=Np_0.8,0.0,0,0.710806
Nc=Np_0.8,0.0,0,0.732757
Nc=Np_0.8,0.0,0,0.737003
Nc=Np_0.8,0.0,0,0.741511
Nc=Np_0.8,0.0999755859375,1638,0.73418
Nc=Np_0.8,0.0999755859375,1638,0.704037
Nc=Np_0.8,0.0999755859375,1638,0.681239
Nc=Np_0.8,0.0999755859375,1638,0.700124
Nc=Np_0.8,0.0999755859375,1638,0.74206
Nc=Np_0.8,0.0999755859375,1638,0.707003
Nc=Np_0.8,0.0999755859375,1638,0.728336
Nc=Np_0.8,0.0999755859375,1638,0.735834
Nc=Np_0.8,0.0999755859375,1638,0.695185
Nc=Np_0.8,0.0999755859375,1638,0.708013
Nc=Np_0.8,0.0999755859375,1638,0.727389
Nc=Np_0.8,0.0999755859375,1638,0.739213
Nc=Np_0.8,0.0999755859375,1638,0.719355
Nc=Np_0.8,0.0999755859375,1638,0.718252
Nc=Np_0.8,0.0999755859375,1638,0.746482
Nc=Np_0.8,0.0999755859375,1638,0.718116
Nc=Np_0.8,0.0999755859375,1638,0.726176
Nc=Np_0.8,0.0999755859375,1638,0.690473
Nc=Np_0.8,0.0999755859375,1638,0.725154
Nc=Np_0.8,0.0999755859375,1638,0.713797
Nc=Np_0.8,0.0999755859375,1638,0.722764
Nc=Np_0.8,0.0999755859375,1638,0.698262
Nc=Np_0.8,0.0999755859375,1638,0.72343
Nc=Np_0.8,0.0999755859375,1638,0.71628
Nc=Np_0.8,0.0999755859375,1638,0.717788
Nc=Np_0.8,0.0999755859375,1638,0.72229
Nc=Np_0.8,0.0999755859375,1638,0.724849
Nc=Np_0.8,0.0999755859375,1638,0.720805
Nc=Np_0.8,0.0999755859375,1638,0.710082
Nc=Np_0.8,0.0999755859375,1638,0.726562
Nc=Np_0.8,0.0999755859375,1638,0.719806
Nc=Np_0.8,0.0999755859375,1638,0.732095
Nc=Np_0.8,0.0999755859375,1638,0.725755
Nc=Np_0.8,0.0999755859375,1638,0.725109
Nc=Np_0.8,0.0999755859375,1638,0.711925
Nc=Np_0.8,0.0999755859375,1638,0.733807
Nc=Np_0.8,0.0999755859375,1638,0.719416
Nc=Np_0.8,0.0999755859375,1638,0.72114
Nc=Np_0.8,0.0999755859375,1638,0.72376
Nc=Np_0.8,0.0999755859375,1638,0.706137
Nc=Np_0.8,0.0999755859375,1638,0.724094
Nc=Np_0.8,0.0999755859375,1638,0.707747
Nc=Np_0.8,0.0999755859375,1638,0.711995
Nc=Np_0.8,0.0999755859375,1638,0.721986
Nc=Np_0.8,0.0999755859375,1638,0.722074
Nc=Np_0.8,0.0999755859375,1638,0.701551
Nc=Np_0.8,0.0999755859375,1638,0.722722
Nc=Np_0.8,0.0999755859375,1638,0.71533
Nc=Np_0.8,0.0999755859375,1638,0.734975
Nc=Np_0.8,0.0999755859375,1638,0.713671
Nc=Np_0.8,0.0999755859375,1638,0.711779
Nc=Np_0.8,0.0999755859375,1638,0.722561
Nc=Np_0.8,0.0999755859375,1638,0.695006
Nc=Np_0.8,0.0999755859375,1638,0.692392
Nc=Np_0.8,0.0999755859375,1638,0.730632
Nc=Np_0.8,0.0999755859375,1638,0.693804
Nc=Np_0.8,0.0999755859375,1638,0.711507
Nc=Np_0.8,0.0999755859375,1638,0.716643
Nc=Np_0.8,0.0999755859375,1638,0.711181
Nc=Np_0.8,0.0999755859375,1638,0.739615
Nc=Np_0.8,0.0999755859375,1638,0.708515
Nc=Np_0.8,0.0999755859375,1638,0.727645
Nc=Np_0.8,0.0999755859375,1638,0.725432
Nc=Np_0.8,0.0999755859375,1638,0.726456
Nc=Np_0.8,0.0999755859375,1638,0.73332
Nc=Np_0.8,0.0999755859375,1638,0.707597
Nc=Np_0.8,0.0999755859375,1638,0.722315
Nc=Np_0.8,0.0999755859375,1638,0.725679
Nc=Np_0.8,0.0999755859375,1638,0.70915
Nc=Np_0.8,0.0999755859375,1638,0.716874
Nc=Np_0.8,0.0999755859375,1638,0.715032
Nc=Np_0.8,0.0999755859375,1638,0.745039
Nc=Np_0.8,0.0999755859375,1638,0.729972
Nc=Np_0.8,0.0999755859375,1638,0.746595
Nc=Np_0.8,0.0999755859375,1638,0.736204
Nc=Np_0.8,0.0999755859375,1638,0.722205
Nc=Np_0.8,0.0999755859375,1638,0.712592
Nc=Np_0.8,0.0999755859375,1638,0.717502
Nc=Np_0.8,0.0999755859375,1638,0.732707
Nc=Np_0.8,0.0999755859375,1638,0.712036
Nc=Np_0.8,0.0999755859375,1638,0.722896
Nc=Np_0.8,0.0999755859375,1638,0.713491
Nc=Np_0.8,0.0999755859375,1638,0.718137
Nc=Np_0.8,0.0999755859375,1638,0.73055
Nc=Np_0.8,0.0999755859375,1638,0.763045
Nc=Np_0.8,0.0999755859375,1638,0.706157
Nc=Np_0.8,0.0999755859375,1638,0.693311
Nc=Np_0.8,0.0999755859375,1638,0.705506
Nc=Np_0.8,0.0999755859375,1638,0.727623
Nc=Np_0.8,0.0999755859375,1638,0.71105
Nc=Np_0.8,0.0999755859375,1638,0.711403
Nc=Np_0.8,0.0999755859375,1638,0.720938
Nc=Np_0.8,0.0999755859375,1638,0.728338
Nc=Np_0.8,0.0999755859375,1638,0.706446
Nc=Np_0.8,0.0999755859375,1638,0.725384
Nc=Np_0.8,0.0999755859375,1638,0.749148
Nc=Np_0.8,0.0999755859375,1638,0.731525
Nc=Np_0.8,0.0999755859375,1638,0.717734
Nc=Np_0.8,0.0999755859375,1638,0.710333
Nc=Np_0.8,0.0999755859375,1638,0.719588
Nc=Np_0.8,0.199951171875,3276,0.694523
Nc=Np_0.8,0.199951171875,3276,0.685828
Nc=Np_0.8,0.199951171875,3276,0.687895
Nc=Np_0.8,0.199951171875,3276,0.674832
Nc=Np_0.8,0.199951171875,3276,0.689817
Nc=Np_0.8,0.199951171875,3276,0.65328
Nc=Np_0.8,0.199951171875,3276,0.702266
Nc=Np_0.8,0.199951171875,3276,0.687251
Nc=Np_0.8,0.199951171875,3276,0.693216
Nc=Np_0.8,0.199951171875,3276,0.692335
Nc=Np_0.8,0.199951171875,3276,0.683634
Nc=Np_0.8,0.199951171875,3276,0.675107
Nc=Np_0.8,0.199951171875,3276,0.670871
Nc=Np_0.8,0.199951171875,3276,0.679906
Nc=Np_0.8,0.199951171875,3276,0.699307
Nc=Np_0.8,0.199951171875,3276,0.684427
Nc=Np_0.8,0.199951171875,3276,0.702194
Nc=Np_0.8,0.199951171875,3276,0.690401
Nc=Np_0.8,0.199951171875,3276,0.701151
Nc=Np_0.8,0.199951171875,3276,0.696747
Nc=Np_0.8,0.199951171875,3276,0.707953
Nc=Np_0.8,0.199951171875,3276,0.683344
Nc=Np_0.8,0.199951171875,3276,0.691534
Nc=Np_0.8,0.199951171875,3276,0.686472
Nc=Np_0.8,0.199951171875,3276,0.676576
Nc=Np_0.8,0.199951171875,3276,0.681924
Nc=Np_0.8,0.199951171875,3276,0.705771
Nc=Np_0.8,0.199951171875,3276,0.68685
Nc=Np_0.8,0.199951171875,3276,0.706352
Nc=Np_0.8,0.199951171875,3276,0.700188
Nc=Np_0.8,0.199951171875,3276,0.670666
Nc=Np_0.8,0.199951171875,3276,0.700915
Nc=Np_0.8,0.199951171875,3276,0.70881
Nc=Np_0.8,0.199951171875,3276,0.707166
Nc=Np_0.8,0.199951171875,3276,0.692862
Nc=Np_0.8,0.199951171875,3276,0.703051
Nc=Np_0.8,0.199951171875,3276,0.67757
Nc=Np_0.8,0.199951171875,3276,0.714943
Nc=Np_0.8,0.199951171875,3276,0.699414
Nc=Np_0.8,0.199951171875,3276,0.676126
Nc=Np_0.8,0.199951171875,3276,0.674655
Nc=Np_0.8,0.199951171875,3276,0.690328
Nc=Np_0.8,0.199951171875,3276,0.699264
Nc=Np_0.8,0.199951171875,3276,0.685037
Nc=Np_0.8,0.199951171875,3276,0.681897
Nc=Np_0.8,0.199951171875,3276,0.68936
Nc=Np_0.8,0.199951171875,3276,0.699525
Nc=Np_0.8,0.199951171875,3276,0.741574
Nc=Np_0.8,0.199951171875,3276,0.690929
Nc=Np_0.8,0.199951171875,3276,0.690198
Nc=Np_0.8,0.199951171875,3276,0.713603
Nc=Np_0.8,0.199951171875,3276,0.695094
Nc=Np_0.8,0.199951171875,3276,0.683674
Nc=Np_0.8,0.199951171875,3276,0.698507
Nc=Np_0.8,0.199951171875,3276,0.704485
Nc=Np_0.8,0.199951171875,3276,0.687473
Nc=Np_0.8,0.199951171875,3276,0.688411
Nc=Np_0.8,0.199951171875,3276,0.692461
Nc=Np_0.8,0.199951171875,3276,0.681938
Nc=Np_0.8,0.199951171875,3276,0.688963
Nc=Np_0.8,0.199951171875,3276,0.703447
Nc=Np_0.8,0.199951171875,3276,0.699417
Nc=Np_0.8,0.199951171875,3276,0.694019
Nc=Np_0.8,0.199951171875,3276,0.690775
Nc=Np_0.8,0.199951171875,3276,0.685047
Nc=Np_0.8,0.199951171875,3276,0.694668
Nc=Np_0.8,0.199951171875,3276,0.686192
Nc=Np_0.8,0.199951171875,3276,0.690211
Nc=Np_0.8,0.199951171875,3276,0.699129
Nc=Np_0.8,0.199951171875,3276,0.705452
Nc=Np_0.8,0.199951171875,3276,0.688002
Nc=Np_0.8,0.199951171875,3276,0.696385
Nc=Np_0.8,0.199951171875,3276,0.693981
Nc=Np_0.8,0.199951171875,3276,0.677362
Nc=Np_0.8,0.199951171875,3276,0.699033
Nc=Np_0.8,0.199951171875,3276,0.679757
Nc=Np_0.8,0.199951171875,3276,0.675388
Nc=Np_0.8,0.199951171875,3276,0.708658
Nc=Np_0.8,0.199951171875,3276,0.683627
Nc=Np_0.8,0.199951171875,3276,0.702765
Nc=Np_0.8,0.199951171875,3276,0.665578
Nc=Np_0.8,0.199951171875,3276,0.67451
Nc=Np_0.8,0.199951171875,3276,0.681054
Nc=Np_0.8,0.199951171875,3276,0.689099
Nc=Np_0.8,0.199951171875,3276,0.696544
Nc=Np_0.8,0.199951171875,3276,0.708254
Nc=Np_0.8,0.199951171875,3276,0.702244
Nc=Np_0.8,0.199951171875,3276,0.693036
Nc=Np_0.8,0.199951171875,3276,0.706134
Nc=Np_0.8,0.199951171875,3276,0.682077
Nc=Np_0.8,0.199951171875,3276,0.682623
Nc=Np_0.8,0.199951171875,3276,0.703697
Nc=Np_0.8,0.199951171875,3276,0.712105
Nc=Np_0.8,0.199951171875,3276,0.705089
Nc=Np_0.8,0.199951171875,3276,0.688791
Nc=Np_0.8,0.199951171875,3276,0.695884
Nc=Np_0.8,0.199951171875,3276,0.671021
Nc=Np_0.8,0.199951171875,3276,0.671263
Nc=Np_0.8,0.199951171875,3276,0.692448
Nc=Np_0.8,0.199951171875,3276,0.686898
Nc=Np_0.8,0.29998779296875,4915,0.661606
Nc=Np_0.8,0.29998779296875,4915,0.643684
Nc=Np_0.8,0.29998779296875,4915,0.648072
Nc=Np_0.8,0.29998779296875,4915,0.631043
Nc=Np_0.8,0.29998779296875,4915,0.631269
Nc=Np_0.8,0.29998779296875,4915,0.636996
Nc=Np_0.8,0.29998779296875,4915,0.643326
Nc=Np_0.8,0.29998779296875,4915,0.659301
Nc=Np_0.8,0.29998779296875,4915,0.658466
Nc=Np_0.8,0.29998779296875,4915,0.639794
Nc=Np_0.8,0.29998779296875,4915,0.651972
Nc=Np_0.8,0.29998779296875,4915,0.648653
Nc=Np_0.8,0.29998779296875,4915,0.656634
Nc=Np_0.8,0.29998779296875,4915,0.663638
Nc=Np_0.8,0.29998779296875,4915,0.623659
Nc=Np_0.8,0.29998779296875,4915,0.642171
Nc=Np_0.8,0.29998779296875,4915,0.656298
Nc=Np_0.8,0.29998779296875,4915,0.647394
Nc=Np_0.8,0.29998779296875,4915,0.636195
Nc=Np_0.8,0.29998779296875,4915,0.639585
Nc=Np_0.8,0.29998779296875,4915,0.639042
Nc=Np_0.8,0.29998779296875,4915,0.654968
Nc=Np_0.8,0.29998779296875,4915,0.657075
Nc=Np_0.8,0.29998779296875,4915,0.631816
Nc=Np_0.8,0.29998779296875,4915,0.628678
Nc=Np_0.8,0.29998779296875,4915,0.643869
Nc=Np_0.8,0.29998779296875,4915,0.634065
Nc=Np_0.8,0.29998779296875,4915,0.679988
Nc=Np_0.8,0.29998779296875,4915,0.610309
Nc=Np_0.8,0.29998779296875,4915,0.650671
Nc=Np_0.8,0.29998779296875,4915,0.63739
Nc=Np_0.8,0.29998779296875,4915,0.665183
Nc=Np_0.8,0.29998779296875,4915,0.656928
Nc=Np_0.8,0.29998779296875,4915,0.661699
Nc=Np_0.8,0.29998779296875,4915,0.62436
Nc=Np_0.8,0.29998779296875,4915,0.65008
Nc=Np_0.8,0.29998779296875,4915,0.654257
Nc=Np_0.8,0.29998779296875,4915,0.631833
Nc=Np_0.8,0.29998779296875,4915,0.65257
Nc=Np_0.8,0.29998779296875,4915,0.659441
Nc=Np_0.8,0.29998779296875,4915,0.674159
Nc=Np_0.8,0.29998779296875,4915,0.642423
Nc=Np_0.8,0.29998779296875,4915,0.64212
Nc=Np_0.8,0.29998779296875,4915,0.647208
Nc=Np_0.8,0.29998779296875,4915,0.666643
Nc=Np_0.8,0.29998779296875,4915,0.623562
Nc=Np_0.8,0.29998779296875,4915,0.640455
Nc=Np_0.8,0.29998779296875,4915,0.629079
Nc=Np_0.8,0.29998779296875,4915,0.657326
Nc=Np_0.8,0.29998779296875,4915,0.635547
Nc=Np_0.8,0.29998779296875,4915,0.662065
Nc=Np_0.8,0.29998779296875,4915,0.650818
Nc=Np_0.8,0.29998779296875,4915,0.652905
Nc=Np_0.8,0.29998779296875,4915,0.651222
Nc=Np_0.8,0.29998779296875,4915,0.655491
Nc=Np_0.8,0.29998779296875,4915,0.648023
Nc=Np_0.8,0.29998779296875,4915,0.662039
Nc=Np_0.8,0.29998779296875,4915,0.658545
Nc=Np_0.8,0.29998779296875,4915,0.644894
Nc=Np_0.8,0.29998779296875,4915,0.655785
Nc=Np_0.8,0.29998779296875,4915,0.672047
Nc=Np_0.8,0.29998779296875,4915,0.656751
Nc=Np_0.8,0.29998779296875,4915,0.657149
Nc=Np_0.8,0.29998779296875,4915,0.660214
Nc=Np_0.8,0.29998779296875,4915,0.648564
Nc=Np_0.8,0.29998779296875,4915,0.647204
Nc=Np_0.8,0.29998779296875,4915,0.660014
Nc=Np_0.8,0.29998779296875,4915,0.632372
Nc=Np_0.8,0.29998779296875,4915,0.647226
Nc=Np_0.8,0.29998779296875,4915,0.630349
Nc=Np_0.8,0.29998779296875,4915,0.647435
Nc=Np_0.8,0.29998779296875,4915,0.625201
Nc=Np_0.8,0.29998779296875,4915,0.642595
Nc=Np_0.8,0.29998779296875,4915,0.663248
Nc=Np_0.8,0.29998779296875,4915,0.639821
Nc=Np_0.8,0.29998779296875,4915,0.638053
Nc=Np_0.8,0.29998779296875,4915,0.641011
Nc=Np_0.8,0.29998779296875,4915,0.657098
Nc=Np_0.8,0.29998779296875,4915,0.653244
Nc=Np_0.8,0.29998779296875,4915,0.642203
Nc=Np_0.8,0.29998779296875,4915,0.644187
Nc=Np_0.8,0.29998779296875,4915,0.664323
Nc=Np_0.8,0.29998779296875,4915,0.640911
Nc=Np_0.8,0.29998779296875,4915,0.657769
Nc=Np_0.8,0.29998779296875,4915,0.631223
Nc=Np_0.8,0.29998779296875,4915,0.624772
Nc=Np_0.8,0.29998779296875,4915,0.635376
Nc=Np_0.8,0.29998779296875,4915,0.629361
Nc=Np_0.8,0.29998779296875,4915,0.645033
Nc=Np_0.8,0.29998779296875,4915,0.646764
Nc=Np_0.8,0.29998779296875,4915,0.648762
Nc=Np_0.8,0.29998779296875,4915,0.656864
Nc=Np_0.8,0.29998779296875,4915,0.624864
Nc=Np_0.8,0.29998779296875,4915,0.643833
Nc=Np_0.8,0.29998779296875,4915,0.651376
Nc=Np_0.8,0.29998779296875,4915,0.669923
Nc=Np_0.8,0.29998779296875,4915,0.619609
Nc=Np_0.8,0.29998779296875,4915,0.673985
Nc=Np_0.8,0.29998779296875,4915,0.642982
Nc=Np_0.8,0.29998779296875,4915,0.665635
Nc=Np_0.8,0.39996337890625,6553,0.57851
Nc=Np_0.8,0.39996337890625,6553,0.581196
Nc=Np_0.8,0.39996337890625,6553,0.560908
Nc=Np_0.8,0.39996337890625,6553,0.554753
Nc=Np_0.8,0.39996337890625,6553,0.561081
Nc=Np_0.8,0.39996337890625,6553,0.60311
Nc=Np_0.8,0.39996337890625,6553,0.571264
Nc=Np_0.8,0.39996337890625,6553,0.590285
Nc=Np_0.8,0.39996337890625,6553,0.56508
Nc=Np_0.8,0.39996337890625,6553,0.584563
Nc=Np_0.8,0.39996337890625,6553,0.57952
Nc=Np_0.8,0.39996337890625,6553,0.555477
Nc=Np_0.8,0.39996337890625,6553,0.560366
Nc=Np_0.8,0.39996337890625,6553,0.593914
Nc=Np_0.8,0.39996337890625,6553,0.555859
Nc=Np_0.8,0.39996337890625,6553,0.573357
Nc=Np_0.8,0.39996337890625,6553,0.583374
Nc=Np_0.8,0.39996337890625,6553,0.57637
Nc=Np_0.8,0.39996337890625,6553,0.578342
Nc=Np_0.8,0.39996337890625,6553,0.58946
Nc=Np_0.8,0.39996337890625,6553,0.567883
Nc=Np_0.8,0.39996337890625,6553,0.578319
Nc=Np_0.8,0.39996337890625,6553,0.587005
Nc=Np_0.8,0.39996337890625,6553,0.578356
Nc=Np_0.8,0.39996337890625,6553,0.558852
Nc=Np_0.8,0.39996337890625,6553,0.576709
Nc=Np_0.8,0.39996337890625,6553,0.575662
Nc=Np_0.8,0.39996337890625,6553,0.549264
Nc=Np_0.8,0.39996337890625,6553,0.584404
Nc=Np_0.8,0.39996337890625,6553,0.588036
Nc=Np_0.8,0.39996337890625,6553,0.58911
Nc=Np_0.8,0.39996337890625,6553,0.57491
Nc=Np_0.8,0.39996337890625,6553,0.579324
Nc=Np_0.8,0.39996337890625,6553,0.58936
Nc=Np_0.8,0.39996337890625,6553,0.572911
Nc=Np_0.8,0.39996337890625,6553,0.578905
Nc=Np_0.8,0.39996337890625,6553,0.568598
Nc=Np_0.8,0.39996337890625,6553,0.564031
Nc=Np_0.8,0.39996337890625,6553,0.559169
Nc=Np_0.8,0.39996337890625,6553,0.566333
Nc=Np_0.8,0.39996337890625,6553,0.581938
Nc=Np_0.8,0.39996337890625,6553,0.585625
Nc=Np_0.8,0.39996337890625,6553,0.558954
Nc=Np_0.8,0.39996337890625,6553,0.577643
Nc=Np_0.8,0.39996337890625,6553,0.55793
Nc=Np_0.8,0.39996337890625,6553,0.582482
Nc=Np_0.8,0.39996337890625,6553,0.571239
Nc=Np_0.8,0.39996337890625,6553,0.575226
Nc=Np_0.8,0.39996337890625,6553,0.577751
Nc=Np_0.8,0.39996337890625,6553,0.586194
Nc=Np_0.8,0.39996337890625,6553,0.569718
Nc=Np_0.8,0.39996337890625,6553,0.558812
Nc=Np_0.8,0.39996337890625,6553,0.605664
Nc=Np_0.8,0.39996337890625,6553,0.583197
Nc=Np_0.8,0.39996337890625,6553,0.57527
Nc=Np_0.8,0.39996337890625,6553,0.582882
Nc=Np_0.8,0.39996337890625,6553,0.582311
Nc=Np_0.8,0.39996337890625,6553,0.567473
Nc=Np_0.8,0.39996337890625,6553,0.587436
Nc=Np_0.8,0.39996337890625,6553,0.593145
Nc=Np_0.8,0.39996337890625,6553,0.561363
Nc=Np_0.8,0.39996337890625,6553,0.589564
Nc=Np_0.8,0.39996337890625,6553,0.561251
Nc=Np_0.8,0.39996337890625,6553,0.568362
Nc=Np_0.8,0.39996337890625,6553,0.557488
Nc=Np_0.8,0.39996337890625,6553,0.545265
Nc=Np_0.8,0.39996337890625,6553,0.60213
Nc=Np_0.8,0.39996337890625,6553,0.562899
Nc=Np_0.8,0.39996337890625,6553,0.594214
Nc=Np_0.8,0.39996337890625,6553,0.572102
Nc=Np_0.8,0.39996337890625,6553,0.554284
Nc=Np_0.8,0.39996337890625,6553,0.585577
Nc=Np_0.8,0.39996337890625,6553,0.573207
Nc=Np_0.8,0.39996337890625,6553,0.582521
Nc=Np_0.8,0.39996337890625,6553,0.570649
Nc=Np_0.8,0.39996337890625,6553,0.568126
Nc=Np_0.8,0.39996337890625,6553,0.572068
Nc=Np_0.8,0.39996337890625,6553,0.57923
Nc=Np_0.8,0.39996337890625,6553,0.560613
Nc=Np_0.8,0.39996337890625,6553,0.56768
Nc=Np_0.8,0.39996337890625,6553,0.588509
Nc=Np_0.8,0.39996337890625,6553,0.561821
Nc=Np_0.8,0.39996337890625,6553,0.565315
Nc=Np_0.8,0.39996337890625,6553,0.569471
Nc=Np_0.8,0.39996337890625,6553,0.587023
Nc=Np_0.8,0.39996337890625,6553,0.582611
Nc=Np_0.8,0.39996337890625,6553,0.580332
Nc=Np_0.8,0.39996337890625,6553,0.5785
Nc=Np_0.8,0.39996337890625,6553,0.582899
Nc=Np_0.8,0.39996337890625,6553,0.539815
Nc=Np_0.8,0.39996337890625,6553,0.58746
Nc=Np_0.8,0.39996337890625,6553,0.564591
Nc=Np_0.8,0.39996337890625,6553,0.571663
Nc=Np_0.8,0.39996337890625,6553,0.577669
Nc=Np_0.8,0.39996337890625,6553,0.563686
Nc=Np_0.8,0.39996337890625,6553,0.58406
Nc=Np_0.8,0.39996337890625,6553,0.555772
Nc=Np_0.8,0.39996337890625,6553,0.564133
Nc=Np_0.8,0.39996337890625,6553,0.582159
Nc=Np_0.8,0.39996337890625,6553,0.5885
Nc=Np_0.8,0.5,8192,0.472713
Nc=Np_0.8,0.5,8192,0.493437
Nc=Np_0.8,0.5,8192,0.454665
Nc=Np_0.8,0.5,8192,0.442152
Nc=Np_0.8,0.5,8192,0.473978
Nc=Np_0.8,0.5,8192,0.471506
Nc=Np_0.8,0.5,8192,0.482203
Nc=Np_0.8,0.5,8192,0.44653
Nc=Np_0.8,0.5,8192,0.458335
Nc=Np_0.8,0.5,8192,0.496495
Nc=Np_0.8,0.5,8192,0.467675
Nc=Np_0.8,0.5,8192,0.499749
Nc=Np_0.8,0.5,8192,0.476786
Nc=Np_0.8,0.5,8192,0.484193
Nc=Np_0.8,0.5,8192,0.440485
Nc=Np_0.8,0.5,8192,0.468718
Nc=Np_0.8,0.5,8192,0.460907
Nc=Np_0.8,0.5,8192,0.461558
Nc=Np_0.8,0.5,8192,0.462376
Nc=Np_0.8,0.5,8192,0.483289
Nc=Np_0.8,0.5,8192,0.48451
Nc=Np_0.8,0.5,8192,0.461476
Nc=Np_0.8,0.5,8192,0.446537
Nc=Np_0.8,0.5,8192,0.479503
Nc=Np_0.8,0.5,8192,0.466601
Nc=Np_0.8,0.5,8192,0.48163
Nc=Np_0.8,0.5,8192,0.479414
Nc=Np_0.8,0.5,8192,0.473022
Nc=Np_0.8,0.5,8192,0.464934
Nc=Np_0.8,0.5,8192,0.470963
Nc=Np_0.8,0.5,8192,0.501453
Nc=Np_0.8,0.5,8192,0.464417
Nc=Np_0.8,0.5,8192,0.493491
Nc=Np_0.8,0.5,8192,0.489413
Nc=Np_0.8,0.5,8192,0.463307
Nc=Np_0.8,0.5,8192,0.48054
Nc=Np_0.8,0.5,8192,0.50337
Nc=Np_0.8,0.5,8192,0.469633
Nc=Np_0.8,0.5,8192,0.423246
Nc=Np_0.8,0.5,8192,0.48904
Nc=Np_0.8,0.5,8192,0.478142
Nc=Np_0.8,0.5,8192,0.501292
Nc=Np_0.8,0.5,8192,0.47978
Nc=Np_0.8,0.5,8192,0.48634
Nc=Np_0.8,0.5,8192,0.464223
Nc=Np_0.8,0.5,8192,0.481433
Nc=Np_0.8,0.5,8192,0.447956
Nc=Np_0.8,0.5,8192,0.464528
Nc=Np_0.8,0.5,8192,0.50873
Nc=Np_0.8,0.5,8192,0.478534
Nc=Np_0.8,0.5,8192,0.483726
Nc=Np_0.8,0.5,8192,0.475581
Nc=Np_0.8,0.5,8192,0.453179
Nc=Np_0.8,0.5,8192,0.483367
Nc=Np_0.8,0.5,8192,0.474757
Nc=Np_0.8,0.5,8192,0.465763
Nc=Np_0.8,0.5,8192,0.488019
Nc=Np_0.8,0.5,8192,0.433496
Nc=Np_0.8,0.5,8192,0.479768
Nc=Np_0.8,0.5,8192,0.488232
Nc=Np_0.8,0.5,8192,0.492213
Nc=Np_0.8,0.5,8192,0.480269
Nc=Np_0.8,0.5,8192,0.456059
Nc=Np_0.8,0.5,8192,0.470589
Nc=Np_0.8,0.5,8192,0.480836
Nc=Np_0.8,0.5,8192,0.470001
Nc=Np_0.8,0.5,8192,0.477621
Nc=Np_0.8,0.5,8192,0.483177
Nc=Np_0.8,0.5,8192,0.465653
Nc=Np_0.8,0.5,8192,0.457564
Nc=Np_0.8,0.5,8192,0.492619
Nc=Np_0.8,0.5,8192,0.471898
Nc=Np_0.8,0.5,8192,0.447502
Nc=Np_0.8,0.5,8192,0.452616
Nc=Np_0.8,0.5,8192,0.479108
Nc=Np_0.8,0.5,8192,0.469934
Nc=Np_0.8,0.5,8192,0.438299
Nc=Np_0.8,0.5,8192,0.476456
Nc=Np_0.8,0.5,8192,0.480256
Nc=Np_0.8,0.5,8192,0.474654
Nc=Np_0.8,0.5,8192,0.475953
Nc=Np_0.8,0.5,8192,0.470708
Nc=Np_0.8,0.5,8192,0.45313
Nc=Np_0.8,0.5,8192,0.477158
Nc=Np_0.8,0.5,8192,0.437607
Nc=Np_0.8,0.5,8192,0.474906
Nc=Np_0.8,0.5,8192,0.475716
Nc=Np_0.8,0.5,8192,0.49191
Nc=Np_0.8,0.5,8192,0.455911
Nc=Np_0.8,0.5,8192,0.488604
Nc=Np_0.8,0.5,8192,0.474261
Nc=Np_0.8,0.5,8192,0.512906
Nc=Np_0.8,0.5,8192,0.474368
Nc=Np_0.8,0.5,8192,0.464711
Nc=Np_0.8,0.5,8192,0.476911
Nc=Np_0.8,0.5,8192,0.455566
Nc=Np_0.8,0.5,8192,0.467158
Nc=Np_0.8,0.5,8192,0.486655
Nc=Np_0.8,0.5,8192,0.467612
Nc=Np_0.8,0.5,8192,0.470049
Nc=Np_0.8,0.5999755859375,9830,0.351408
Nc=Np_0.8,0.5999755859375,9830,0.355881
Nc=Np_0.8,0.5999755859375,9830,0.339485
Nc=Np_0.8,0.5999755859375,9830,0.342531
Nc=Np_0.8,0.5999755859375,9830,0.38647
Nc=Np_0.8,0.5999755859375,9830,0.354766
Nc=Np_0.8,0.5999755859375,9830,0.354689
Nc=Np_0.8,0.5999755859375,9830,0.366138
Nc=Np_0.8,0.5999755859375,9830,0.37155
Nc=Np_0.8,0.5999755859375,9830,0.355047
Nc=Np_0.8,0.5999755859375,9830,0.350105
Nc=Np_0.8,0.5999755859375,9830,0.366324
Nc=Np_0.8,0.5999755859375,9830,0.352709
Nc=Np_0.8,0.5999755859375,9830,0.361293
Nc=Np_0.8,0.5999755859375,9830,0.37164
Nc=Np_0.8,0.5999755859375,9830,0.365677
Nc=Np_0.8,0.5999755859375,9830,0.360873
Nc=Np_0.8,0.5999755859375,9830,0.328185
Nc=Np_0.8,0.5999755859375,9830,0.325607
Nc=Np_0.8,0.5999755859375,9830,0.355119
Nc=Np_0.8,0.5999755859375,9830,0.396074
Nc=Np_0.8,0.5999755859375,9830,0.364011
Nc=Np_0.8,0.5999755859375,9830,0.356386
Nc=Np_0.8,0.5999755859375,9830,0.376989
Nc=Np_0.8,0.5999755859375,9830,0.325036
Nc=Np_0.8,0.5999755859375,9830,0.311482
Nc=Np_0.8,0.5999755859375,9830,0.333683
Nc=Np_0.8,0.5999755859375,9830,0.354032
Nc=Np_0.8,0.5999755859375,9830,0.358451
Nc=Np_0.8,0.5999755859375,9830,0.33334
Nc=Np_0.8,0.5999755859375,9830,0.33663
Nc=Np_0.8,0.5999755859375,9830,0.340088
Nc=Np_0.8,0.5999755859375,9830,0.357203
Nc=Np_0.8,0.5999755859375,9830,0.341283
Nc=Np_0.8,0.5999755859375,9830,0.345255
Nc=Np_0.8,0.5999755859375,9830,0.327959
Nc=Np_0.8,0.5999755859375,9830,0.355343
Nc=Np_0.8,0.5999755859375,9830,0.399135
Nc=Np_0.8,0.5999755859375,9830,0.34284
Nc=Np_0.8,0.5999755859375,9830,0.36772
Nc=Np_0.8,0.5999755859375,9830,0.395915
Nc=Np_0.8,0.5999755859375,9830,0.370032
Nc=Np_0.8,0.5999755859375,9830,0.324641
Nc=Np_0.8,0.5999755859375,9830,0.318906
Nc=Np_0.8,0.5999755859375,9830,0.325416
Nc=Np_0.8,0.5999755859375,9830,0.38419
Nc=Np_0.8,0.5999755859375,9830,0.342649
Nc=Np_0.8,0.5999755859375,9830,0.325414
Nc=Np_0.8,0.5999755859375,9830,0.367006
Nc=Np_0.8,0.5999755859375,9830,0.348343
Nc=Np_0.8,0.5999755859375,9830,0.333097
Nc=Np_0.8,0.5999755859375,9830,0.347954
Nc=Np_0.8,0.5999755859375,9830,0.332811
Nc=Np_0.8,0.5999755859375,9830,0.296138
Nc=Np_0.8,0.5999755859375,9830,0.373643
Nc=Np_0.8,0.5999755859375,9830,0.384423
Nc=Np_0.8,0.5999755859375,9830,0.346717
Nc=Np_0.8,0.5999755859375,9830,0.355122
Nc=Np_0.8,0.5999755859375,9830,0.314425
Nc=Np_0.8,0.5999755859375,9830,0.358947
Nc=Np_0.8,0.5999755859375,9830,0.339958
Nc=Np_0.8,0.5999755859375,9830,0.389295
Nc=Np_0.8,0.5999755859375,9830,0.323679
Nc=Np_0.8,0.5999755859375,9830,0.354225
Nc=Np_0.8,0.5999755859375,9830,0.342035
Nc=Np_0.8,0.5999755859375,9830,0.375082
Nc=Np_0.8,0.5999755859375,9830,0.361401
Nc=Np_0.8,0.5999755859375,9830,0.355346
Nc=Np_0.8,0.5999755859375,9830,0.330846
Nc=Np_0.8,0.5999755859375,9830,0.317003
Nc=Np_0.8,0.5999755859375,9830,0.349307
Nc=Np_0.8,0.5999755859375,9830,0.377967
Nc=Np_0.8,0.5999755859375,9830,0.380229
Nc=Np_0.8,0.5999755859375,9830,0.373058
Nc=Np_0.8,0.5999755859375,9830,0.365471
Nc=Np_0.8,0.5999755859375,9830,0.352075
Nc=Np_0.8,0.5999755859375,9830,0.361099
Nc=Np_0.8,0.5999755859375,9830,0.33356
Nc=Np_0.8,0.5999755859375,9830,0.366941
Nc=Np_0.8,0.5999755859375,9830,0.363321
Nc=Np_0.8,0.5999755859375,9830,0.310394
Nc=Np_0.8,0.5999755859375,9830,0.338649
Nc=Np_0.8,0.5999755859375,9830,0.372909
Nc=Np_0.8,0.5999755859375,9830,0.305141
Nc=Np_0.8,0.5999755859375,9830,0.348785
Nc=Np_0.8,0.5999755859375,9830,0.318175
Nc=Np_0.8,0.5999755859375,9830,0.336861
Nc=Np_0.8,0.5999755859375,9830,0.342577
Nc=Np_0.8,0.5999755859375,9830,0.411591
Nc=Np_0.8,0.5999755859375,9830,0.313587
Nc=Np_0.8,0.5999755859375,9830,0.352205
Nc=Np_0.8,0.5999755859375,9830,0.331281
Nc=Np_0.8,0.5999755859375,9830,0.343143
Nc=Np_0.8,0.5999755859375,9830,0.338649
Nc=Np_0.8,0.5999755859375,9830,0.381959
Nc=Np_0.8,0.5999755859375,9830,0.315105
Nc=Np_0.8,0.5999755859375,9830,0.329304
Nc=Np_0.8,0.5999755859375,9830,0.346379
Nc=Np_0.8,0.5999755859375,9830,0.316035
Nc=Np_0.8,0.5999755859375,9830,0.380921
Nc=Np_0.8,0.699951171875,11468,0.242735
Nc=Np_0.8,0.699951171875,11468,0.238985
Nc=Np_0.8,0.699951171875,11468,0.257371
Nc=Np_0.8,0.699951171875,11468,0.253031
Nc=Np_0.8,0.699951171875,11468,0.289675
Nc=Np_0.8,0.699951171875,11468,0.264465
Nc=Np_0.8,0.699951171875,11468,0.244355
Nc=Np_0.8,0.699951171875,11468,0.245517
Nc=Np_0.8,0.699951171875,11468,0.280871
Nc=Np_0.8,0.699951171875,11468,0.277427
Nc=Np_0.8,0.699951171875,11468,0.264677
Nc=Np_0.8,0.699951171875,11468,0.224716
Nc=Np_0.8,0.699951171875,11468,0.247955
Nc=Np_0.8,0.699951171875,11468,0.282357
Nc=Np_0.8,0.699951171875,11468,0.213839
Nc=Np_0.8,0.699951171875,11468,0.290336
Nc=Np_0.8,0.699951171875,11468,0.262357
Nc=Np_0.8,0.699951171875,11468,0.246301
Nc=Np_0.8,0.699951171875,11468,0.275619
Nc=Np_0.8,0.699951171875,11468,0.267804
Nc=Np_0.8,0.699951171875,11468,0.219833
Nc=Np_0.8,0.699951171875,11468,0.209282
Nc=Np_0.8,0.699951171875,11468,0.279669
Nc=Np_0.8,0.699951171875,11468,0.256496
Nc=Np_0.8,0.699951171875,11468,0.261854
Nc=Np_0.8,0.699951171875,11468,0.207017
Nc=Np_0.8,0.699951171875,11468,0.258256
Nc=Np_0.8,0.699951171875,11468,0.233603
Nc=Np_0.8,0.699951171875,11468,0.185785
Nc=Np_0.8,0.699951171875,11468,0.253119
Nc=Np_0.8,0.699951171875,11468,0.273784
Nc=Np_0.8,0.699951171875,11468,0.20878
Nc=Np_0.8,0.699951171875,11468,0.270991
Nc=Np_0.8,0.699951171875,11468,0.26191
Nc=Np_0.8,0.699951171875,11468,0.226402
Nc=Np_0.8,0.699951171875,11468,0.255877
Nc=Np_0.8,0.699951171875,11468,0.24909
Nc=Np_0.8,0.699951171875,11468,0.321685
Nc=Np_0.8,0.699951171875,11468,0.286377
Nc=Np_0.8,0.699951171875,11468,0.21834
Nc=Np_0.8,0.699951171875,11468,0.274816
Nc=Np_0.8,0.699951171875,11468,0.270476
Nc=Np_0.8,0.699951171875,11468,0.292826
Nc=Np_0.8,0.699951171875,11468,0.253626
Nc=Np_0.8,0.699951171875,11468,0.188272
Nc=Np_0.8,0.699951171875,11468,0.281712
Nc=Np_0.8,0.699951171875,11468,0.23818
Nc=Np_0.8,0.699951171875,11468,0.293371
Nc=Np_0.8,0.699951171875,11468,0.290645
Nc=Np_0.8,0.699951171875,11468,0.245112
Nc=Np_0.8,0.699951171875,11468,0.23625
Nc=Np_0.8,0.699951171875,11468,0.21623
Nc=Np_0.8,0.699951171875,11468,0.262197
Nc=Np_0.8,0.699951171875,11468,0.215052
Nc=Np_0.8,0.699951171875,11468,0.283954
Nc=Np_0.8,0.699951171875,11468,0.252345
Nc=Np_0.8,0.699951171875,11468,0.225374
Nc=Np_0.8,0.699951171875,11468,0.198643
Nc=Np_0.8,0.699951171875,11468,0.178768
Nc=Np_0.8,0.699951171875,11468,0.207126
Nc=Np_0.8,0.699951171875,11468,0.277695
Nc=Np_0.8,0.699951171875,11468,0.248748
Nc=Np_0.8,0.699951171875,11468,0.222424
Nc=Np_0.8,0.699951171875,11468,0.266544
Nc=Np_0.8,0.699951171875,11468,0.218711
Nc=Np_0.8,0.699951171875,11468,0.227909
Nc=Np_0.8,0.699951171875,11468,0.222173
Nc=Np_0.8,0.699951171875,11468,0.237705
Nc=Np_0.8,0.699951171875,11468,0.25162
Nc=Np_0.8,0.699951171875,11468,0.218547
Nc=Np_0.8,0.699951171875,11468,0.195447
Nc=Np_0.8,0.699951171875,11468,0.214435
Nc=Np_0.8,0.699951171875,11468,0.214351
Nc=Np_0.8,0.699951171875,11468,0.177539
Nc=Np_0.8,0.699951171875,11468,0.217359
Nc=Np_0.8,0.699951171875,11468,0.194388
Nc=Np_0.8,0.699951171875,11468,0.265043
Nc=Np_0.8,0.699951171875,11468,0.195889
Nc=Np_0.8,0.699951171875,11468,0.227028
Nc=Np_0.8,0.699951171875,11468,0.320042
Nc=Np_0.8,0.699951171875,11468,0.212659
Nc=Np_0.8,0.699951171875,11468,0.210411
Nc=Np_0.8,0.699951171875,11468,0.27091
Nc=Np_0.8,0.699951171875,11468,0.257939
Nc=Np_0.8,0.699951171875,11468,0.232219
Nc=Np_0.8,0.699951171875,11468,0.152762
Nc=Np_0.8,0.699951171875,11468,0.281844
Nc=Np_0.8,0.699951171875,11468,0.205862
Nc=Np_0.8,0.699951171875,11468,0.222525
Nc=Np_0.8,0.699951171875,11468,0.27158
Nc=Np_0.8,0.699951171875,11468,0.26704
Nc=Np_0.8,0.699951171875,11468,0.222081
Nc=Np_0.8,0.699951171875,11468,0.181122
Nc=Np_0.8,0.699951171875,11468,0.283757
Nc=Np_0.8,0.699951171875,11468,0.187909
Nc=Np_0.8,0.699951171875,11468,0.210793
Nc=Np_0.8,0.699951171875,11468,0.263482
Nc=Np_0.8,0.699951171875,11468,0.21333
Nc=Np_0.8,0.699951171875,11468,0.266167
Nc=Np_0.8,0.699951171875,11468,0.271794
Nc=Np_0.8,0.79998779296875,13107,0.117191
Nc=Np_0.8,0.79998779296875,13107,0.143235
Nc=Np_0.8,0.79998779296875,13107,0.260031
Nc=Np_0.8,0.79998779296875,13107,0.148797
Nc=Np_0.8,0.79998779296875,13107,0.204455
Nc=Np_0.8,0.79998779296875,13107,0.178474
Nc=Np_0.8,0.79998779296875,13107,0.164224
Nc=Np_0.8,0.79998779296875,13107,0.173221
Nc=Np_0.8,0.79998779296875,13107,0.131739
Nc=Np_0.8,0.79998779296875,13107,0.132217
Nc=Np_0.8,0.79998779296875,13107,0.09357
Nc=Np_0.8,0.79998779296875,13107,0.182588
Nc=Np_0.8,0.79998779296875,13107,0.177315
Nc=Np_0.8,0.79998779296875,13107,0.163859
Nc=Np_0.8,0.79998779296875,13107,0.1242
Nc=Np_0.8,0.79998779296875,13107,0.106993
Nc=Np_0.8,0.79998779296875,13107,0.057269
Nc=Np_0.8,0.79998779296875,13107,0.109298
Nc=Np_0.8,0.79998779296875,13107,0.231178
Nc=Np_0.8,0.79998779296875,13107,0.164063
Nc=Np_0.8,0.79998779296875,13107,0.137577
Nc=Np_0.8,0.79998779296875,13107,0.173612
Nc=Np_0.8,0.79998779296875,13107,0.179628
Nc=Np_0.8,0.79998779296875,13107,0.184586
Nc=Np_0.8,0.79998779296875,13107,0.213735
Nc=Np_0.8,0.79998779296875,13107,0.17112
Nc=Np_0.8,0.79998779296875,13107,0.218941
Nc=Np_0.8,0.79998779296875,13107,0.188169
Nc=Np_0.8,0.79998779296875,13107,0.07251
Nc=Np_0.8,0.79998779296875,13107,0.116136
Nc=Np_0.8,0.79998779296875,13107,0.121823
Nc=Np_0.8,0.79998779296875,13107,0.098065
Nc=Np_0.8,0.79998779296875,13107,0.173905
Nc=Np_0.8,0.79998779296875,13107,0.11724
Nc=Np_0.8,0.79998779296875,13107,0.103094
Nc=Np_0.8,0.79998779296875,13107,0.154804
Nc=Np_0.8,0.79998779296875,13107,0.160569
Nc=Np_0.8,0.79998779296875,13107,0.183321
Nc=Np_0.8,0.79998779296875,13107,0.178015
Nc=Np_0.8,0.79998779296875,13107,0.130086
Nc=Np_0.8,0.79998779296875,13107,0.128455
Nc=Np_0.8,0.79998779296875,13107,0.254032
Nc=Np_0.8,0.79998779296875,13107,0.068206
Nc=Np_0.8,0.79998779296875,13107,0.235028
Nc=Np_0.8,0.79998779296875,13107,0.218841
Nc=Np_0.8,0.79998779296875,13107,0.07658
Nc=Np_0.8,0.79998779296875,13107,0.167871
Nc=Np_0.8,0.79998779296875,13107,0.115716
Nc=Np_0.8,0.79998779296875,13107,0.16357
Nc=Np_0.8,0.79998779296875,13107,0.163455
Nc=Np_0.8,0.79998779296875,13107,0.045559
Nc=Np_0.8,0.79998779296875,13107,0.240408
Nc=Np_0.8,0.79998779296875,13107,0.12199
Nc=Np_0.8,0.79998779296875,13107,0.190008
Nc=Np_0.8,0.79998779296875,13107,0.153474
Nc=Np_0.8,0.79998779296875,13107,0.178223
Nc=Np_0.8,0.79998779296875,13107,0.131125
Nc=Np_0.8,0.79998779296875,13107,0.148553
Nc=Np_0.8,0.79998779296875,13107,0.153078
Nc=Np_0.8,0.79998779296875,13107,0.081789
Nc=Np_0.8,0.79998779296875,13107,0.213009
Nc=Np_0.8,0.79998779296875,13107,0.12992
Nc=Np_0.8,0.79998779296875,13107,0.172596
Nc=Np_0.8,0.79998779296875,13107,0.203764
Nc=Np_0.8,0.79998779296875,13107,0.189957
Nc=Np_0.8,0.79998779296875,13107,0.193202
Nc=Np_0.8,0.79998779296875,13107,0.045521
Nc=Np_0.8,0.79998779296875,13107,0.119194
Nc=Np_0.8,0.79998779296875,13107,0.153804
Nc=Np_0.8,0.79998779296875,13107,0.147857
Nc=Np_0.8,0.79998779296875,13107,0.134185
Nc=Np_0.8,0.79998779296875,13107,0.191789
Nc=Np_0.8,0.79998779296875,13107,0.152189
Nc=Np_0.8,0.79998779296875,13107,0.152609
Nc=Np_0.8,0.79998779296875,13107,0.209987
Nc=Np_0.8,0.79998779296875,13107,0.182428
Nc=Np_0.8,0.79998779296875,13107,0.068645
Nc=Np_0.8,0.79998779296875,13107,0.186179
Nc=Np_0.8,0.79998779296875,13107,0.175345
Nc=Np_0.8,0.79998779296875,13107,0.145721
Nc=Np_0.8,0.79998779296875,13107,0.187218
Nc=Np_0.8,0.79998779296875,13107,0.162108
Nc=Np_0.8,0.79998779296875,13107,0.176201
Nc=Np_0.8,0.79998779296875,13107,0.182196
Nc=Np_0.8,0.79998779296875,13107,0.154301
Nc=Np_0.8,0.79998779296875,13107,0.219677
Nc=Np_0.8,0.79998779296875,13107,0.140203
Nc=Np_0.8,0.79998779296875,13107,0.174557
Nc=Np_0.8,0.79998779296875,13107,0.183962
Nc=Np_0.8,0.79998779296875,13107,0.085024
Nc=Np_0.8,0.79998779296875,13107,0.131944
Nc=Np_0.8,0.79998779296875,13107,0.090663
Nc=Np_0.8,0.79998779296875,13107,0.229751
Nc=Np_0.8,0.79998779296875,13107,0.244038
Nc=Np_0.8,0.79998779296875,13107,0.102035
Nc=Np_0.8,0.79998779296875,13107,0.263979
Nc=Np_0.8,0.79998779296875,13107,0.178984
Nc=Np_0.8,0.79998779296875,13107,0.17038
Nc=Np_0.8,0.79998779296875,13107,0.142346
